Customer/ID,recency_days,frequency,monetary,R_score,F_score,M_score,RFM_Segment,RFM_Score,FM_avg,Segment
1933.0,0,30,1794.73,5,5,5,555,15,5,Champions
735.0,0,43,3425.49,5,5,5,555,15,5,Champions
1479.0,0,10,1167.31,5,5,5,555,15,5,Champions
106.0,0,29,1661.51,5,5,5,555,15,5,Champions
7118.0,0,78,2465.588424242424,5,5,5,555,15,5,Champions
7419.0,0,31,3405.66,5,5,5,555,15,5,Champions
7679.0,0,14,1604.69,5,5,5,555,15,5,Champions
1594.0,0,14,1601.05,5,5,5,555,15,5,Champions
116.0,0,43,4961.31,5,5,5,555,15,5,Champions
345.0,0,102,7139.91,5,5,5,555,15,5,Champions
849.0,0,44,1328.73,5,5,5,555,15,5,Champions
269.0,5,12,1563.48,5,5,5,555,15,5,Champions
6401.0,5,83,1310.51,5,5,5,555,15,5,Champions
1220.0,0,27,1969.31,5,5,5,555,15,5,Champions
6369.0,1,27,1953.75,5,5,5,555,15,5,Champions
6434.0,2,21,2821.82,5,5,5,555,15,5,Champions
9154.0,0,13,1559.19,5,5,5,555,15,5,Champions
48.0,1,113,4407.4975,5,5,5,555,15,5,Champions
9474.0,1,90,2897.04,5,5,5,555,15,5,Champions
1394.0,5,67,2446.15,5,5,5,555,15,5,Champions
6132.0,5,13,1215.79,5,5,5,555,15,5,Champions
1896.0,2,28,2977.04,5,5,5,555,15,5,Champions
9846.0,2,24,3788.15,5,5,5,555,15,5,Champions
6119.0,2,24,3280.8113953488373,5,5,5,555,15,5,Champions
244.0,2,110,2427.3799567249107,5,5,5,555,15,5,Champions
492.0,1,62,2730.33,5,5,5,555,15,5,Champions
1871.0,1,66,3058.5,5,5,5,555,15,5,Champions
52.0,1,30,2760.37,5,5,5,555,15,5,Champions
1462.0,5,11,1321.8,5,5,5,555,15,5,Champions
586.0,5,14,1399.34,5,5,5,555,15,5,Champions
1857.0,5,24,2495.450787719088,5,5,5,555,15,5,Champions
754.0,5,21,1863.37,5,5,5,555,15,5,Champions
1080.0,5,43,6272.81,5,5,5,555,15,5,Champions
1657.0,5,49,4651.63,5,5,5,555,15,5,Champions
506.0,6,34,3963.97,5,5,5,555,15,5,Champions
430.0,6,18,1645.03,5,5,5,555,15,5,Champions
8858.0,5,31,4112.633615675165,5,5,5,555,15,5,Champions
49.0,2,70,5289.3,5,5,5,555,15,5,Champions
7815.0,2,10,2131.865075314549,5,5,5,555,15,5,Champions
1111.0,6,13,1180.6,5,5,5,555,15,5,Champions
1606.0,6,13,1556.36,5,5,5,555,15,5,Champions
393.0,5,26,1287.456590909091,5,5,5,555,15,5,Champions
6370.0,5,24,1925.967534374973,5,5,5,555,15,5,Champions
264.0,5,23,1282.11,5,5,5,555,15,5,Champions
66.0,5,41,1290.74,5,5,5,555,15,5,Champions
325.0,6,66,1777.89,5,5,5,555,15,5,Champions
318.0,6,30,1358.94,5,5,5,555,15,5,Champions
6464.0,6,11,2337.88,5,5,5,555,15,5,Champions
1239.0,6,13,2145.3,5,5,5,555,15,5,Champions
6666.0,6,58,7877.103800525889,5,5,5,555,15,5,Champions
6673.0,6,40,3289.47,5,5,5,555,15,5,Champions
1255.0,6,27,2222.5,5,5,5,555,15,5,Champions
516.0,4,46,2214.76,5,5,5,555,15,5,Champions
1712.0,5,52,3144.44,5,5,5,555,15,5,Champions
119.0,4,69,3292.678163361664,5,5,5,555,15,5,Champions
6518.0,4,49,3815.443615675165,5,5,5,555,15,5,Champions
332.0,2,68,6149.72,5,5,5,555,15,5,Champions
9152.0,2,11,1744.1654938271606,5,5,5,555,15,5,Champions
1541.0,2,31,2775.75,5,5,5,555,15,5,Champions
1682.0,3,22,2393.135407034817,5,5,5,555,15,5,Champions
120.0,2,59,9137.325624413146,5,5,5,555,15,5,Champions
9099.0,4,11,1594.08,5,5,5,555,15,5,Champions
1342.0,4,46,2057.8,5,5,5,555,15,5,Champions
1403.0,4,26,2346.25,5,5,5,555,15,5,Champions
50.0,4,89,3295.58,5,5,5,555,15,5,Champions
71.0,6,38,1903.16,5,5,5,555,15,5,Champions
1653.0,6,24,4279.31,5,5,5,555,15,5,Champions
1157.0,6,16,2141.08,5,5,5,555,15,5,Champions
1575.0,6,31,1959.84,5,5,5,555,15,5,Champions
1680.0,6,26,2127.06,5,5,5,555,15,5,Champions
7805.0,6,10,1859.0936156751648,5,5,5,555,15,5,Champions
1480.0,4,101,5875.63,5,5,5,555,15,5,Champions
836.0,6,22,1826.21988379329,5,5,5,555,15,5,Champions
1401.0,3,55,2021.2,5,5,5,555,15,5,Champions
1685.0,3,61,5979.51,5,5,5,555,15,5,Champions
592.0,2,25,1612.83,5,5,5,555,15,5,Champions
1050.0,2,31,2097.51,5,5,5,555,15,5,Champions
167.0,2,25,3866.863138949744,5,5,5,555,15,5,Champions
306.0,2,76,9083.704549690094,5,5,5,555,15,5,Champions
1752.0,2,25,2799.56,5,5,5,555,15,5,Champions
672.0,6,84,2097.21,5,5,5,555,15,5,Champions
173.0,6,16,1691.02,5,5,5,555,15,5,Champions
263.0,6,14,1262.52,5,5,5,555,15,5,Champions
6121.0,6,32,2006.84,5,5,5,555,15,5,Champions
6130.0,6,64,1717.47,5,5,5,555,15,5,Champions
8467.0,6,22,1838.5543177387915,5,5,5,555,15,5,Champions
196.0,4,60,3937.67,5,5,5,555,15,5,Champions
462.0,4,24,1184.95,5,5,5,555,15,5,Champions
9457.0,6,10,1388.36,5,5,5,555,15,5,Champions
8756.0,2,57,5481.583615675166,5,5,5,555,15,5,Champions
7331.0,2,7,1365.09,5,5,5,555,15,5,Champions
9028.0,3,10,1801.29,5,5,5,555,15,5,Champions
8876.0,3,19,1757.21,5,5,5,555,15,5,Champions
7312.0,3,14,1373.01,5,5,5,555,15,5,Champions
6263.0,3,20,4998.09,5,5,5,555,15,5,Champions
751.0,3,45,1622.78,5,5,5,555,15,5,Champions
534.0,3,11,1310.3,5,5,5,555,15,5,Champions
1445.0,3,70,5185.01,5,5,5,555,15,5,Champions
1292.0,3,14,1177.874969442168,5,5,5,555,15,5,Champions
857.0,3,51,1418.64,5,5,5,555,15,5,Champions
75.0,3,80,5254.42,5,5,5,555,15,5,Champions
1749.0,3,72,4767.521475307419,5,5,5,555,15,5,Champions
10219.0,3,14,1648.1,5,5,5,555,15,5,Champions
162.0,2,43,4422.159187695618,5,5,5,555,15,5,Champions
6106.0,4,58,3293.83,5,5,5,555,15,5,Champions
6745.0,4,15,1479.8154938271605,5,5,5,555,15,5,Champions
9967.0,4,20,4206.75,5,5,5,555,15,5,Champions
1636.0,4,30,1739.0084242424243,5,5,5,555,15,5,Champions
750.0,4,12,1843.8160843537412,5,5,5,555,15,5,Champions
7645.0,4,12,2669.4436156751653,5,5,5,555,15,5,Champions
6645.0,4,33,1200.48,5,5,5,555,15,5,Champions
1861.0,4,57,2688.64,5,5,5,555,15,5,Champions
1824.0,4,100,2022.13,5,5,5,555,15,5,Champions
7466.0,4,12,1506.78,5,5,5,555,15,5,Champions
6217.0,3,214,1565.65,5,5,5,555,15,5,Champions
1707.0,3,101,20760.24,5,5,5,555,15,5,Champions
945.0,4,65,7338.9,5,5,5,555,15,5,Champions
7073.0,4,37,1270.98,5,5,5,555,15,5,Champions
889.0,4,44,5279.93,5,5,5,555,15,5,Champions
161.0,3,67,10729.52,5,5,5,555,15,5,Champions
7316.0,3,45,3143.79,5,5,5,555,15,5,Champions
1699.0,0,54,2792.84,5,5,5,555,15,5,Champions
357.0,1,40,3411.9,5,5,5,555,15,5,Champions
7157.0,1,55,1816.48,5,5,5,555,15,5,Champions
1228.0,1,75,4247.6,5,5,5,555,15,5,Champions
795.0,1,52,2302.729230769231,5,5,5,555,15,5,Champions
513.0,0,32,1147.69,5,5,5,555,15,5,Champions
993.0,0,17,1167.89,5,5,5,555,15,5,Champions
10583.0,0,9,2050.76,5,5,5,555,15,5,Champions
6428.0,0,79,2690.31,5,5,5,555,15,5,Champions
4605.0,5,53,2022.21,5,5,5,555,15,5,Champions
1409.0,5,31,2113.51,5,5,5,555,15,5,Champions
1581.0,5,21,3280.52,5,5,5,555,15,5,Champions
595.0,5,28,1186.51,5,5,5,555,15,5,Champions
279.0,0,70,3765.72,5,5,5,555,15,5,Champions
4441.0,0,177,1515.3152589745794,5,5,5,555,15,5,Champions
6150.0,0,63,1622.4272313503304,5,5,5,555,15,5,Champions
6236.0,0,22,1310.89,5,5,5,555,15,5,Champions
6240.0,0,34,5773.250670356415,5,5,5,555,15,5,Champions
245.0,0,24,1365.06,5,5,5,555,15,5,Champions
518.0,0,46,1245.07,5,5,5,555,15,5,Champions
1715.0,0,86,1724.96,5,5,5,555,15,5,Champions
9585.0,0,30,1021.22,5,5,4,554,14,4,Champions
649.0,0,12,681.93,5,5,4,554,14,4,Champions
352.0,5,8,759.06,5,5,4,554,14,4,Champions
9496.0,5,9,824.46,5,5,4,554,14,4,Champions
7095.0,0,7,606.89,5,5,4,554,14,4,Champions
1457.0,14,25,2227.054453327035,4,5,5,455,14,5,Loyal Customers
1383.0,14,24,2482.32,4,5,5,455,14,5,Loyal Customers
8343.0,14,10,2401.2336156751653,4,5,5,455,14,5,Loyal Customers
6882.0,13,19,3611.924403394253,4,5,5,455,14,5,Loyal Customers
434.0,13,13,1425.86,4,5,5,455,14,5,Loyal Customers
1453.0,13,18,2518.92,4,5,5,455,14,5,Loyal Customers
229.0,11,17,1402.32,4,5,5,455,14,5,Loyal Customers
412.0,3,25,792.56,5,5,4,554,14,4,Champions
941.0,10,26,1838.29,4,5,5,455,14,5,Loyal Customers
7633.0,10,9,1297.71,4,5,5,455,14,5,Loyal Customers
6115.0,3,22,923.65,5,5,4,554,14,4,Champions
8913.0,3,10,569.96,5,5,4,554,14,4,Champions
8772.0,3,10,927.42,5,5,4,554,14,4,Champions
78.0,11,24,3412.46917948718,4,5,5,455,14,5,Loyal Customers
6271.0,11,11,1629.12,4,5,5,455,14,5,Loyal Customers
9548.0,11,11,2709.22,4,5,5,455,14,5,Loyal Customers
706.0,10,17,1469.38,4,5,5,455,14,5,Loyal Customers
6783.0,3,17,956.48,5,5,4,554,14,4,Champions
8241.0,8,10,1715.6,4,5,5,455,14,5,Loyal Customers
1792.0,9,24,1907.39,4,5,5,455,14,5,Loyal Customers
7612.0,9,10,2011.39,4,5,5,455,14,5,Loyal Customers
6248.0,9,13,1216.05,4,5,5,455,14,5,Loyal Customers
7643.0,9,31,4860.46,4,5,5,455,14,5,Loyal Customers
668.0,9,28,2803.87,4,5,5,455,14,5,Loyal Customers
968.0,9,55,1386.93,4,5,5,455,14,5,Loyal Customers
549.0,10,23,1856.301433531746,4,5,5,455,14,5,Loyal Customers
1093.0,4,15,550.54,5,5,4,554,14,4,Champions
6995.0,4,8,761.4,5,5,4,554,14,4,Champions
291.0,9,37,3848.9,4,5,5,455,14,5,Loyal Customers
1548.0,10,18,1813.48,4,5,5,455,14,5,Loyal Customers
8967.0,10,13,1420.28,4,5,5,455,14,5,Loyal Customers
1755.0,10,17,2170.34,4,5,5,455,14,5,Loyal Customers
8075.0,4,17,523.41,5,5,4,554,14,4,Champions
685.0,4,17,1050.575407034817,5,5,4,554,14,4,Champions
8273.0,4,12,572.16,5,5,4,554,14,4,Champions
1491.0,4,57,754.3030185185186,5,5,4,554,14,4,Champions
1588.0,4,22,543.12,5,5,4,554,14,4,Champions
1878.0,4,20,1095.58,5,5,4,554,14,4,Champions
644.0,7,34,2167.42,4,5,5,455,14,5,Loyal Customers
1917.0,7,20,2536.72,4,5,5,455,14,5,Loyal Customers
1197.0,8,27,4361.98140097724,4,5,5,455,14,5,Loyal Customers
6536.0,8,17,1669.81,4,5,5,455,14,5,Loyal Customers
1923.0,7,54,2657.63,4,5,5,455,14,5,Loyal Customers
1951.0,7,24,1716.18,4,5,5,455,14,5,Loyal Customers
9168.0,7,13,1446.23,4,5,5,455,14,5,Loyal Customers
6477.0,7,15,2482.8,4,5,5,455,14,5,Loyal Customers
96.0,7,15,1378.53,4,5,5,455,14,5,Loyal Customers
8864.0,7,25,1465.29,4,5,5,455,14,5,Loyal Customers
1731.0,7,56,5087.38,4,5,5,455,14,5,Loyal Customers
6911.0,7,42,6717.867883191089,4,5,5,455,14,5,Loyal Customers
6668.0,7,41,6023.18092089908,4,5,5,455,14,5,Loyal Customers
108.0,7,30,2935.104969442168,4,5,5,455,14,5,Loyal Customers
6411.0,7,68,6798.283647454718,4,5,5,455,14,5,Loyal Customers
6656.0,4,19,525.4300606060606,5,5,4,554,14,4,Champions
9231.0,4,7,957.12,5,5,4,554,14,4,Champions
7731.0,4,23,697.53,5,5,4,554,14,4,Champions
1121.0,4,26,981.9,5,5,4,554,14,4,Champions
931.0,4,39,568.98,5,5,4,554,14,4,Champions
7881.0,4,11,563.44,5,5,4,554,14,4,Champions
10004.0,4,17,1041.53,5,5,4,554,14,4,Champions
1693.0,4,11,725.25,5,5,4,554,14,4,Champions
1745.0,4,19,595.76,5,5,4,554,14,4,Champions
1776.0,4,10,933.83,5,5,4,554,14,4,Champions
9003.0,4,19,824.12,5,5,4,554,14,4,Champions
114.0,7,26,1723.87,4,5,5,455,14,5,Loyal Customers
732.0,7,58,6739.78,4,5,5,455,14,5,Loyal Customers
1895.0,7,37,4131.33,4,5,5,455,14,5,Loyal Customers
6471.0,7,14,2227.98,4,5,5,455,14,5,Loyal Customers
6468.0,7,12,3304.66,4,5,5,455,14,5,Loyal Customers
515.0,2,17,961.37,5,5,4,554,14,4,Champions
1529.0,3,32,712.01,5,5,4,554,14,4,Champions
1464.0,3,55,828.1921345377532,5,5,4,554,14,4,Champions
9182.0,3,12,874.19,5,5,4,554,14,4,Champions
1717.0,3,23,718.15,5,5,4,554,14,4,Champions
8463.0,3,10,887.63,5,5,4,554,14,4,Champions
8551.0,3,18,932.23,5,5,4,554,14,4,Champions
6824.0,11,16,1535.5063327991454,4,5,5,455,14,5,Loyal Customers
145.0,11,48,2896.36,4,5,5,455,14,5,Loyal Customers
143.0,11,11,1280.88,4,5,5,455,14,5,Loyal Customers
7021.0,11,10,1352.22,4,5,5,455,14,5,Loyal Customers
7061.0,11,7,1770.34,4,5,5,455,14,5,Loyal Customers
1324.0,16,30,1154.46,4,5,5,455,14,5,Loyal Customers
8110.0,15,27,2958.77,4,5,5,455,14,5,Loyal Customers
1217.0,3,25,942.04,5,5,4,554,14,4,Champions
9433.0,3,10,876.21,5,5,4,554,14,4,Champions
9024.0,3,50,1118.27,5,5,4,554,14,4,Champions
61.0,7,15,2144.79,4,5,5,455,14,5,Loyal Customers
530.0,4,28,936.7,5,5,4,554,14,4,Champions
4562.0,6,20,967.85,5,5,4,554,14,4,Champions
4573.0,6,18,1074.92,5,5,4,554,14,4,Champions
7120.0,6,10,1066.57,5,5,4,554,14,4,Champions
4589.0,6,16,950.94,5,5,4,554,14,4,Champions
7067.0,6,34,1101.02,5,5,4,554,14,4,Champions
597.0,2,16,1097.92,5,5,4,554,14,4,Champions
736.0,11,24,1823.33,4,5,5,455,14,5,Loyal Customers
4585.0,11,22,1264.12,4,5,5,455,14,5,Loyal Customers
1855.0,11,23,2131.43,4,5,5,455,14,5,Loyal Customers
1002.0,11,47,4425.56,4,5,5,455,14,5,Loyal Customers
439.0,16,23,1302.25,4,5,5,455,14,5,Loyal Customers
7481.0,16,8,1183.91,4,5,5,455,14,5,Loyal Customers
6871.0,12,17,1172.33,4,5,5,455,14,5,Loyal Customers
7566.0,11,11,1531.88,4,5,5,455,14,5,Loyal Customers
69.0,6,19,612.54,5,5,4,554,14,4,Champions
524.0,4,8,546.61,5,5,4,554,14,4,Champions
1772.0,5,14,754.45,5,5,4,554,14,4,Champions
1369.0,4,7,960.56,5,5,4,554,14,4,Champions
753.0,12,33,1643.71,4,5,5,455,14,5,Loyal Customers
6615.0,12,19,1219.98,4,5,5,455,14,5,Loyal Customers
126.0,15,55,3742.24,4,5,5,455,14,5,Loyal Customers
7477.0,2,7,628.93,5,5,4,554,14,4,Champions
835.0,2,55,1064.3,5,5,4,554,14,4,Champions
1692.0,2,16,545.73,5,5,4,554,14,4,Champions
1554.0,3,14,792.85,5,5,4,554,14,4,Champions
696.0,3,18,788.8,5,5,4,554,14,4,Champions
8523.0,2,20,774.28,5,5,4,554,14,4,Champions
1810.0,2,7,533.72,5,5,4,554,14,4,Champions
1622.0,2,32,754.92,5,5,4,554,14,4,Champions
9455.0,5,10,663.77,5,5,4,554,14,4,Champions
8114.0,6,13,964.143937248028,5,5,4,554,14,4,Champions
1962.0,6,16,635.25,5,5,4,554,14,4,Champions
10483.0,6,8,592.92,5,5,4,554,14,4,Champions
1506.0,6,14,821.43,5,5,4,554,14,4,Champions
8903.0,6,7,664.47,5,5,4,554,14,4,Champions
1534.0,6,25,929.93,5,5,4,554,14,4,Champions
9486.0,5,12,567.7,5,5,4,554,14,4,Champions
9488.0,5,18,595.63,5,5,4,554,14,4,Champions
6679.0,5,15,749.28,5,5,4,554,14,4,Champions
1686.0,5,20,513.44,5,5,4,554,14,4,Champions
1436.0,5,43,1052.95,5,5,4,554,14,4,Champions
6671.0,5,16,977.001444549963,5,5,4,554,14,4,Champions
1536.0,6,8,1130.41,5,5,4,554,14,4,Champions
92.0,5,19,950.1,5,5,4,554,14,4,Champions
6473.0,13,25,7646.2,4,5,5,455,14,5,Loyal Customers
6491.0,13,15,5267.683270205431,4,5,5,455,14,5,Loyal Customers
625.0,2,21,956.45,5,5,4,554,14,4,Champions
1949.0,14,14,1886.7,4,5,5,455,14,5,Loyal Customers
6596.0,14,19,1983.88,4,5,5,455,14,5,Loyal Customers
663.0,14,54,1242.29,4,5,5,455,14,5,Loyal Customers
1942.0,12,17,2510.38,4,5,5,455,14,5,Loyal Customers
53.0,12,46,19667.11,4,5,5,455,14,5,Loyal Customers
1938.0,12,23,1300.04,4,5,5,455,14,5,Loyal Customers
305.0,12,24,4091.62,4,5,5,455,14,5,Loyal Customers
6252.0,12,33,3496.39,4,5,5,455,14,5,Loyal Customers
594.0,12,24,1140.36,4,5,5,455,14,5,Loyal Customers
6413.0,13,45,1903.79,4,5,5,455,14,5,Loyal Customers
2128.0,13,30,1152.73,4,5,5,455,14,5,Loyal Customers
1793.0,5,12,999.8,5,5,4,554,14,4,Champions
1317.0,5,20,768.33,5,5,4,554,14,4,Champions
8891.0,5,7,874.09,5,5,4,554,14,4,Champions
7105.0,5,11,696.29,5,5,4,554,14,4,Champions
477.0,5,22,710.81,5,5,4,554,14,4,Champions
855.0,5,20,782.0699999999999,5,5,4,554,14,4,Champions
9753.0,5,9,1059.91,5,5,4,554,14,4,Champions
448.0,0,33,963.32,5,5,4,554,14,4,Champions
1087.0,0,25,589.56,5,5,4,554,14,4,Champions
6210.0,12,10,2008.749022709983,4,5,5,455,14,5,Loyal Customers
6039.0,12,27,5690.22,4,5,5,455,14,5,Loyal Customers
9397.0,1,26,750.53,5,5,4,554,14,4,Champions
7025.0,1,21,862.87,5,5,4,554,14,4,Champions
1456.0,2,21,1013.65,5,5,4,554,14,4,Champions
1695.0,13,26,4370.887418168263,4,5,5,455,14,5,Loyal Customers
1681.0,13,68,5163.095407034817,4,5,5,455,14,5,Loyal Customers
1665.0,14,38,1833.36,4,5,5,455,14,5,Loyal Customers
1961.0,14,29,3203.13,4,5,5,455,14,5,Loyal Customers
82.0,14,20,1467.78,4,5,5,455,14,5,Loyal Customers
4595.0,14,24,3453.88,4,5,5,455,14,5,Loyal Customers
9375.0,2,5,1580.28,5,4,5,545,14,4,Champions
6446.0,2,21,1126.37,5,5,4,554,14,4,Champions
9215.0,2,15,758.46,5,5,4,554,14,4,Champions
10449.0,0,5,1617.4,5,4,5,545,14,4,Champions
7327.0,0,15,598.35,5,5,4,554,14,4,Champions
85.0,0,24,551.64,5,5,4,554,14,4,Champions
398.0,0,9,519.99,5,5,4,554,14,4,Champions
9050.0,13,15,1917.4,4,5,5,455,14,5,Loyal Customers
1458.0,13,13,1483.59,4,5,5,455,14,5,Loyal Customers
1455.0,0,17,1096.33,5,5,4,554,14,4,Champions
838.0,0,26,1136.03,5,5,4,554,14,4,Champions
806.0,0,6,654.33,5,4,4,544,13,4,Champions
1351.0,13,18,673.03,4,5,4,454,13,4,Loyal Customers
8816.0,0,8,409.86,5,5,3,553,13,4,Champions
6925.0,1,11,459.56,5,5,3,553,13,4,Champions
416.0,1,8,209.8,5,5,3,553,13,4,Champions
10348.0,1,7,281.26,5,5,3,553,13,4,Champions
703.0,14,25,836.55,4,5,4,454,13,4,Loyal Customers
1415.0,14,10,970.04,4,5,4,454,13,4,Loyal Customers
653.0,14,25,869.91,4,5,4,454,13,4,Loyal Customers
1593.0,13,9,527.54,4,5,4,454,13,4,Loyal Customers
6528.0,13,7,725.1,4,5,4,454,13,4,Loyal Customers
1934.0,13,9,622.85,4,5,4,454,13,4,Loyal Customers
6493.0,13,8,544.780659743892,4,5,4,454,13,4,Loyal Customers
411.0,31,38,1717.02,3,5,5,355,13,5,Loyal Customers
6467.0,32,9,1233.1,3,5,5,355,13,5,Loyal Customers
7393.0,5,8,357.74,5,5,3,553,13,4,Champions
7625.0,5,8,215.6,5,5,3,553,13,4,Champions
9460.0,5,9,462.68,5,5,3,553,13,4,Champions
9892.0,5,21,354.18,5,5,3,553,13,4,Champions
10283.0,5,11,371.62,5,5,3,553,13,4,Champions
6980.0,32,8,1211.35,3,5,5,355,13,5,Loyal Customers
9802.0,6,11,403.13,5,5,3,553,13,4,Champions
6190.0,33,35,4916.65,3,5,5,355,13,5,Loyal Customers
6572.0,33,20,1653.87,3,5,5,355,13,5,Loyal Customers
1486.0,33,18,3783.3030185185194,3,5,5,355,13,5,Loyal Customers
6968.0,33,8,1345.09,3,5,5,355,13,5,Loyal Customers
529.0,4,11,454.94,5,5,3,553,13,4,Champions
1103.0,5,5,725.22,5,4,4,544,13,4,Champions
679.0,31,13,2455.8067322951315,3,5,5,355,13,5,Loyal Customers
10654.0,1,17,237.38,5,5,3,553,13,4,Champions
1192.0,1,6,671.23,5,4,4,544,13,4,Champions
1444.0,13,13,772.3199999999999,4,5,4,454,13,4,Loyal Customers
7171.0,13,10,959.76,4,5,4,454,13,4,Loyal Customers
1397.0,13,9,620.31,4,5,4,454,13,4,Loyal Customers
1363.0,13,10,903.59,4,5,4,454,13,4,Loyal Customers
9490.0,12,13,894.3918888888888,4,5,4,454,13,4,Loyal Customers
7206.0,12,10,753.16,4,5,4,454,13,4,Loyal Customers
9297.0,12,7,586.04,4,5,4,454,13,4,Loyal Customers
6613.0,12,9,939.6,4,5,4,454,13,4,Loyal Customers
328.0,34,43,5722.33,3,5,5,355,13,5,Loyal Customers
312.0,34,41,4870.411658089923,3,5,5,355,13,5,Loyal Customers
6848.0,35,7,1818.7174993646013,3,5,5,355,13,5,Loyal Customers
349.0,36,8,1442.23,3,5,5,355,13,5,Loyal Customers
1736.0,4,7,438.84,5,5,3,553,13,4,Champions
9797.0,28,19,1309.93,3,5,5,355,13,5,Loyal Customers
7864.0,30,12,2440.490757575757,3,5,5,355,13,5,Loyal Customers
984.0,30,8,1456.5520840650663,3,5,5,355,13,5,Loyal Customers
6591.0,31,18,1560.76,3,5,5,355,13,5,Loyal Customers
1941.0,12,5,1716.23,4,4,5,445,13,4,Loyal Customers
7295.0,12,9,741.62,4,5,4,454,13,4,Loyal Customers
495.0,12,14,504.91,4,5,4,454,13,4,Loyal Customers
8124.0,14,12,869.48,4,5,4,454,13,4,Loyal Customers
8737.0,2,8,430.65,5,5,3,553,13,4,Champions
7349.0,2,71,389.72,5,5,3,553,13,4,Champions
10035.0,2,7,276.18,5,5,3,553,13,4,Champions
299.0,28,14,2149.38,3,5,5,355,13,5,Loyal Customers
58.0,4,11,288.34,5,5,3,553,13,4,Champions
86.0,37,23,2399.04,3,5,5,355,13,5,Loyal Customers
832.0,38,25,2698.97,3,5,5,355,13,5,Loyal Customers
1679.0,38,28,3638.91,3,5,5,355,13,5,Loyal Customers
6503.0,4,6,883.91,5,4,4,544,13,4,Champions
1250.0,4,7,225.08,5,5,3,553,13,4,Champions
1280.0,4,9,460.23,5,5,3,553,13,4,Champions
179.0,33,19,1264.29,3,5,5,355,13,5,Loyal Customers
817.0,34,31,1651.2115092592592,3,5,5,355,13,5,Loyal Customers
9623.0,2,17,334.07,5,5,3,553,13,4,Champions
8729.0,16,9,632.62,4,5,4,454,13,4,Loyal Customers
1935.0,16,9,833.141433531746,4,5,4,454,13,4,Loyal Customers
7474.0,16,7,563.73,4,5,4,454,13,4,Loyal Customers
1270.0,16,70,1073.351876593807,4,5,4,454,13,4,Loyal Customers
7097.0,11,7,573.6,4,5,4,454,13,4,Loyal Customers
674.0,11,10,538.3,4,5,4,454,13,4,Loyal Customers
1176.0,11,22,688.46,4,5,4,454,13,4,Loyal Customers
7270.0,12,8,526.51,4,5,4,454,13,4,Loyal Customers
770.0,7,19,783.74,4,5,4,454,13,4,Loyal Customers
8872.0,7,8,915.29,4,5,4,454,13,4,Loyal Customers
9975.0,7,14,899.45,4,5,4,454,13,4,Loyal Customers
10843.0,6,7,313.18,5,5,3,553,13,4,Champions
1866.0,7,15,917.74,4,5,4,454,13,4,Loyal Customers
468.0,7,36,599.08,4,5,4,454,13,4,Loyal Customers
9211.0,4,6,616.68,5,4,4,544,13,4,Champions
1656.0,38,15,1354.35,3,5,5,355,13,5,Loyal Customers
1084.0,39,9,5377.639999999999,3,5,5,355,13,5,Loyal Customers
6819.0,39,9,1177.5742901234569,3,5,5,355,13,5,Loyal Customers
522.0,27,42,8447.78976758658,3,5,5,355,13,5,Loyal Customers
9670.0,7,14,551.64,4,5,4,454,13,4,Loyal Customers
7031.0,7,12,763.83,4,5,4,454,13,4,Loyal Customers
7036.0,7,13,835.08,4,5,4,454,13,4,Loyal Customers
9005.0,7,22,1006.04,4,5,4,454,13,4,Loyal Customers
8621.0,7,11,1083.12,4,5,4,454,13,4,Loyal Customers
9509.0,7,10,1035.5,4,5,4,454,13,4,Loyal Customers
7038.0,7,8,725.36,4,5,4,454,13,4,Loyal Customers
1930.0,27,14,2806.32,3,5,5,355,13,5,Loyal Customers
216.0,27,22,2669.97,3,5,5,355,13,5,Loyal Customers
453.0,12,23,739.39,4,5,4,454,13,4,Loyal Customers
8820.0,11,14,968.57,4,5,4,454,13,4,Loyal Customers
572.0,2,5,630.64,5,4,4,544,13,4,Champions
6363.0,3,15,345.77,5,5,3,553,13,4,Champions
4569.0,17,11,1337.49,3,5,5,355,13,5,Loyal Customers
693.0,17,9,1418.41,3,5,5,355,13,5,Loyal Customers
207.0,17,22,1758.27,3,5,5,355,13,5,Loyal Customers
124.0,17,34,2596.962523515879,3,5,5,355,13,5,Loyal Customers
10361.0,11,7,864.86,4,5,4,454,13,4,Loyal Customers
6460.0,3,12,395.68,5,5,3,553,13,4,Champions
241.0,40,25,2619.68,3,5,5,355,13,5,Loyal Customers
6610.0,40,10,1233.24,3,5,5,355,13,5,Loyal Customers
6651.0,40,17,2602.8,3,5,5,355,13,5,Loyal Customers
623.0,40,20,2477.49,3,5,5,355,13,5,Loyal Customers
6152.0,41,19,6113.45,3,5,5,355,13,5,Loyal Customers
6541.0,42,11,1464.92,3,5,5,355,13,5,Loyal Customers
252.0,42,31,1960.01,3,5,5,355,13,5,Loyal Customers
1931.0,7,11,931.8245496900936,4,5,4,454,13,4,Loyal Customers
1312.0,26,18,1895.61,3,5,5,355,13,5,Loyal Customers
2132.0,27,75,14096.500731198686,3,5,5,355,13,5,Loyal Customers
4572.0,27,21,1768.17,3,5,5,355,13,5,Loyal Customers
6304.0,7,17,786.8959941909754,4,5,4,454,13,4,Loyal Customers
677.0,8,10,770.22,4,5,4,454,13,4,Loyal Customers
378.0,7,25,993.3,4,5,4,454,13,4,Loyal Customers
74.0,7,30,626.22,4,5,4,454,13,4,Loyal Customers
7134.0,7,10,971.02,4,5,4,454,13,4,Loyal Customers
215.0,7,40,984.51,4,5,4,454,13,4,Loyal Customers
991.0,42,15,1188.39,3,5,5,355,13,5,Loyal Customers
144.0,45,22,1245.06,3,5,5,355,13,5,Loyal Customers
1472.0,4,42,377.61,5,5,3,553,13,4,Champions
10525.0,4,7,342.42,5,5,3,553,13,4,Champions
4597.0,11,8,843.85,4,5,4,454,13,4,Loyal Customers
1716.0,11,17,787.18,4,5,4,454,13,4,Loyal Customers
289.0,18,31,1810.5369792899407,3,5,5,355,13,5,Loyal Customers
7470.0,18,11,3802.25,3,5,5,355,13,5,Loyal Customers
2198.0,18,36,2814.9765833622064,3,5,5,355,13,5,Loyal Customers
362.0,19,26,1304.33,3,5,5,355,13,5,Loyal Customers
1460.0,19,12,1331.86,3,5,5,355,13,5,Loyal Customers
8267.0,10,9,932.46,4,5,4,454,13,4,Loyal Customers
8780.0,4,5,550.15,5,4,4,544,13,4,Champions
8120.0,25,28,4942.040757575757,3,5,5,355,13,5,Loyal Customers
1135.0,25,9,1178.47,3,5,5,355,13,5,Loyal Customers
1410.0,25,16,1385.41,3,5,5,355,13,5,Loyal Customers
1925.0,25,29,6974.1,3,5,5,355,13,5,Loyal Customers
930.0,26,84,8761.527859268384,3,5,5,355,13,5,Loyal Customers
1140.0,26,10,1146.27,3,5,5,355,13,5,Loyal Customers
784.0,26,22,2064.12,3,5,5,355,13,5,Loyal Customers
83.0,3,57,377.02,5,5,3,553,13,4,Champions
1302.0,20,15,1697.5,3,5,5,355,13,5,Loyal Customers
6296.0,20,14,1787.71,3,5,5,355,13,5,Loyal Customers
6264.0,20,10,1269.12,3,5,5,355,13,5,Loyal Customers
920.0,20,36,3307.834089781746,3,5,5,355,13,5,Loyal Customers
6512.0,10,16,721.69,4,5,4,454,13,4,Loyal Customers
6864.0,10,10,728.79,4,5,4,454,13,4,Loyal Customers
9403.0,9,11,818.6,4,5,4,454,13,4,Loyal Customers
1760.0,9,24,688.79,4,5,4,454,13,4,Loyal Customers
1761.0,9,8,664.25,4,5,4,454,13,4,Loyal Customers
472.0,9,33,946.46,4,5,4,454,13,4,Loyal Customers
147.0,9,22,863.24,4,5,4,454,13,4,Loyal Customers
7262.0,9,9,975.56,4,5,4,454,13,4,Loyal Customers
1024.0,9,11,764.72,4,5,4,454,13,4,Loyal Customers
310.0,9,18,536.6,4,5,4,454,13,4,Loyal Customers
8559.0,9,8,812.313949044586,4,5,4,454,13,4,Loyal Customers
9347.0,9,17,626.0075343749729,4,5,4,454,13,4,Loyal Customers
4577.0,20,17,1592.96,3,5,5,355,13,5,Loyal Customers
1952.0,20,18,6138.28108926096,3,5,5,355,13,5,Loyal Customers
1950.0,20,16,2727.66,3,5,5,355,13,5,Loyal Customers
1371.0,21,14,1622.1,3,5,5,355,13,5,Loyal Customers
1920.0,21,25,2666.27,3,5,5,355,13,5,Loyal Customers
1213.0,21,10,1478.89,3,5,5,355,13,5,Loyal Customers
6201.0,23,36,4914.68,3,5,5,355,13,5,Loyal Customers
1537.0,24,30,3652.06,3,5,5,355,13,5,Loyal Customers
10256.0,9,14,915.73,4,5,4,454,13,4,Loyal Customers
9034.0,47,9,1361.11,3,5,5,355,13,5,Loyal Customers
1789.0,51,25,1507.09,3,5,5,355,13,5,Loyal Customers
1820.0,3,15,501.97753437497295,5,5,3,553,13,4,Champions
7056.0,4,8,404.63,5,5,3,553,13,4,Champions
961.0,4,13,436.41,5,5,3,553,13,4,Champions
6533.0,10,35,606.15,4,5,4,454,13,4,Loyal Customers
449.0,24,35,1605.04,3,5,5,355,13,5,Loyal Customers
1180.0,13,7,731.01,4,5,4,454,13,4,Loyal Customers
9241.0,13,8,1106.97,4,5,4,454,13,4,Loyal Customers
131.0,14,10,504.23,4,5,4,454,13,4,Loyal Customers
8073.0,1,8,293.61,5,5,3,553,13,4,Champions
6246.0,32,12,2684.95,3,5,5,355,13,5,Loyal Customers
995.0,32,16,2401.9,3,5,5,355,13,5,Loyal Customers
7708.0,32,13,3521.23,3,5,5,355,13,5,Loyal Customers
8973.0,5,6,629.08,5,4,4,544,13,4,Champions
8999.0,5,5,556.88,5,4,4,544,13,4,Champions
6443.0,0,6,715.31,5,4,4,544,13,4,Champions
481.0,13,16,579.29,4,5,4,454,13,4,Loyal Customers
9343.0,13,15,900.08,4,5,4,454,13,4,Loyal Customers
9399.0,13,11,642.77,4,5,4,454,13,4,Loyal Customers
1425.0,0,13,319.35,5,5,3,553,13,4,Champions
284.0,149,21,4379.47,2,5,5,255,12,5,Can't Lose Them
9337.0,6,6,275.33,5,4,3,543,12,4,Champions
1332.0,5,4,695.6239821029083,5,3,4,534,12,4,Champions
9896.0,5,5,302.74,5,4,3,543,12,4,Champions
8735.0,5,4,524.53,5,3,4,534,12,4,Champions
7711.0,33,7,796.0,3,5,4,354,12,4,Loyal Customers
6404.0,107,47,66942.11,2,5,5,255,12,5,Can't Lose Them
169.0,105,14,2537.26,2,5,5,255,12,5,Can't Lose Them
6741.0,144,26,4712.74407446209,2,5,5,255,12,5,Can't Lose Them
1526.0,117,30,2912.888226698523,2,5,5,255,12,5,Can't Lose Them
163.0,116,20,1697.38,2,5,5,255,12,5,Can't Lose Them
6202.0,116,21,2495.98,2,5,5,255,12,5,Can't Lose Them
9270.0,13,7,408.04361567516526,4,5,3,453,12,4,Loyal Customers
1104.0,13,11,484.54,4,5,3,453,12,4,Loyal Customers
460.0,13,14,500.1,4,5,3,453,12,4,Loyal Customers
1242.0,13,11,330.92,4,5,3,453,12,4,Loyal Customers
686.0,13,5,921.3393069531242,4,4,4,444,12,4,Loyal Customers
422.0,153,19,1935.58,2,5,5,255,12,5,Can't Lose Them
1690.0,24,16,682.31,3,5,4,354,12,4,Loyal Customers
232.0,24,9,595.18,3,5,4,354,12,4,Loyal Customers
7733.0,10,6,598.1,4,4,4,444,12,4,Loyal Customers
10168.0,10,9,382.46,4,5,3,453,12,4,Loyal Customers
134.0,60,29,3575.66881947794,2,5,5,255,12,5,Can't Lose Them
1305.0,59,31,3115.218827277146,2,5,5,255,12,5,Can't Lose Them
1626.0,53,15,1354.46,2,5,5,255,12,5,Can't Lose Them
1263.0,53,56,2377.11,2,5,5,255,12,5,Can't Lose Them
1348.0,53,8,1500.72,2,5,5,255,12,5,Can't Lose Them
91.0,52,15,760.9230185185186,3,5,4,354,12,4,Loyal Customers
7462.0,4,5,257.79,5,4,3,543,12,4,Champions
104.0,10,6,939.08,4,4,4,444,12,4,Loyal Customers
743.0,9,12,470.49,4,5,3,453,12,4,Loyal Customers
9736.0,24,8,526.0,3,5,4,354,12,4,Loyal Customers
8810.0,23,10,1008.58,3,5,4,354,12,4,Loyal Customers
925.0,20,20,529.44,3,5,4,354,12,4,Loyal Customers
8460.0,9,5,616.2,4,4,4,444,12,4,Loyal Customers
8061.0,9,11,260.14,4,5,3,453,12,4,Loyal Customers
9097.0,9,6,716.92,4,4,4,444,12,4,Loyal Customers
9252.0,9,5,651.77,4,4,4,444,12,4,Loyal Customers
8547.0,9,6,588.85,4,4,4,444,12,4,Loyal Customers
9607.0,24,16,777.7,3,5,4,354,12,4,Loyal Customers
9357.0,10,7,502.39,4,5,3,453,12,4,Loyal Customers
7367.0,10,8,476.76,4,5,3,453,12,4,Loyal Customers
7737.0,10,13,367.36,4,5,3,453,12,4,Loyal Customers
1644.0,20,10,666.4075343749729,3,5,4,354,12,4,Loyal Customers
729.0,20,13,584.60988379329,3,5,4,354,12,4,Loyal Customers
137.0,11,10,227.61,4,5,3,453,12,4,Loyal Customers
829.0,69,38,2103.04,2,5,5,255,12,5,Can't Lose Them
1008.0,66,24,1997.3,2,5,5,255,12,5,Can't Lose Them
288.0,66,33,5297.573788920108,2,5,5,255,12,5,Can't Lose Them
1413.0,26,13,1117.48,3,5,4,354,12,4,Loyal Customers
9345.0,25,9,843.11,3,5,4,354,12,4,Loyal Customers
6486.0,25,11,1017.33,3,5,4,354,12,4,Loyal Customers
8059.0,25,8,962.2395529801324,3,5,4,354,12,4,Loyal Customers
973.0,25,11,775.94,3,5,4,354,12,4,Loyal Customers
6482.0,25,15,616.18,3,5,4,354,12,4,Loyal Customers
1138.0,25,13,745.19,3,5,4,354,12,4,Loyal Customers
1660.0,25,27,976.58,3,5,4,354,12,4,Loyal Customers
6134.0,9,11,484.05,4,5,3,453,12,4,Loyal Customers
1061.0,63,36,3599.3343383458646,2,5,5,255,12,5,Can't Lose Them
6990.0,63,14,1223.7611301433303,2,5,5,255,12,5,Can't Lose Them
558.0,62,21,1471.08,2,5,5,255,12,5,Can't Lose Them
6702.0,11,8,366.6792123390237,4,5,3,453,12,4,Loyal Customers
6960.0,10,6,600.8956874905584,4,4,4,444,12,4,Loyal Customers
607.0,19,8,557.86,3,5,4,354,12,4,Loyal Customers
1236.0,11,6,826.54,4,4,4,444,12,4,Loyal Customers
10853.0,4,3,589.34,5,3,4,534,12,4,Champions
10275.0,4,3,528.28,5,3,4,534,12,4,Champions
6746.0,7,10,460.97,4,5,3,453,12,4,Loyal Customers
6923.0,7,7,440.21,4,5,3,453,12,4,Loyal Customers
7044.0,7,5,566.17,4,4,4,444,12,4,Loyal Customers
1484.0,7,17,231.66,4,5,3,453,12,4,Loyal Customers
769.0,27,9,823.63,3,5,4,354,12,4,Loyal Customers
4570.0,27,19,857.8,3,5,4,354,12,4,Loyal Customers
9775.0,27,9,684.42,3,5,4,354,12,4,Loyal Customers
881.0,4,6,412.66361567516526,5,4,3,543,12,4,Champions
744.0,42,13,920.17,3,5,4,354,12,4,Loyal Customers
1414.0,81,8,1699.35,2,5,5,255,12,5,Can't Lose Them
1116.0,77,24,1605.26,2,5,5,255,12,5,Can't Lose Them
1485.0,76,21,1300.33,2,5,5,255,12,5,Can't Lose Them
6419.0,74,13,2674.558469015028,2,5,5,255,12,5,Can't Lose Them
1094.0,11,17,415.76,4,5,3,453,12,4,Loyal Customers
7697.0,11,6,741.78,4,4,4,444,12,4,Loyal Customers
1954.0,11,13,493.68,4,5,3,453,12,4,Loyal Customers
496.0,17,10,951.56,3,5,4,354,12,4,Loyal Customers
6228.0,17,19,674.93988379329,3,5,4,354,12,4,Loyal Customers
10399.0,3,4,638.49,5,3,4,534,12,4,Champions
10691.0,3,6,276.34000000000003,5,4,3,543,12,4,Champions
1349.0,84,14,1525.81,2,5,5,255,12,5,Can't Lose Them
1953.0,84,14,1779.03,2,5,5,255,12,5,Can't Lose Them
6499.0,83,26,2066.2,2,5,5,255,12,5,Can't Lose Them
1718.0,82,26,1695.19,2,5,5,255,12,5,Can't Lose Them
9520.0,3,5,409.15,5,4,3,543,12,4,Champions
8762.0,11,5,502.42,4,4,4,444,12,4,Loyal Customers
7078.0,11,10,464.05,4,5,3,453,12,4,Loyal Customers
1137.0,11,8,317.88,4,5,3,453,12,4,Loyal Customers
1532.0,17,20,729.89,3,5,4,354,12,4,Loyal Customers
614.0,16,11,303.08,4,5,3,453,12,4,Loyal Customers
9291.0,12,5,780.1800000000001,4,4,4,444,12,4,Loyal Customers
8271.0,27,7,695.37,3,5,4,354,12,4,Loyal Customers
7200.0,27,7,656.88,3,5,4,354,12,4,Loyal Customers
1366.0,27,10,778.5636156751652,3,5,4,354,12,4,Loyal Customers
9022.0,7,8,468.62,4,5,3,453,12,4,Loyal Customers
1442.0,7,10,456.39,4,5,3,453,12,4,Loyal Customers
1927.0,27,17,553.7,3,5,4,354,12,4,Loyal Customers
217.0,39,11,737.48,3,5,4,354,12,4,Loyal Customers
537.0,7,11,391.09,4,5,3,453,12,4,Loyal Customers
6897.0,7,6,622.25,4,4,4,444,12,4,Loyal Customers
1765.0,7,52,346.34,4,5,3,453,12,4,Loyal Customers
6430.0,7,8,354.62,4,5,3,453,12,4,Loyal Customers
6941.0,7,6,572.61,4,4,4,444,12,4,Loyal Customers
6661.0,12,10,430.64,4,5,3,453,12,4,Loyal Customers
1767.0,11,63,286.83,4,5,3,453,12,4,Loyal Customers
6967.0,16,20,259.61,4,5,3,453,12,4,Loyal Customers
9751.0,16,12,405.69,4,5,3,453,12,4,Loyal Customers
8979.0,15,5,542.13,4,4,4,444,12,4,Loyal Customers
158.0,90,11,2280.599079679198,2,5,5,255,12,5,Can't Lose Them
127.0,90,27,2144.04,2,5,5,255,12,5,Can't Lose Them
821.0,34,26,758.57,3,5,4,354,12,4,Loyal Customers
9078.0,34,13,1083.27,3,5,4,354,12,4,Loyal Customers
787.0,6,6,445.19,5,4,3,543,12,4,Champions
6931.0,7,10,426.67,4,5,3,453,12,4,Loyal Customers
320.0,7,6,876.95,4,4,4,444,12,4,Loyal Customers
9109.0,4,6,412.38,5,4,3,543,12,4,Champions
1651.0,88,68,10311.15350788802,2,5,5,255,12,5,Can't Lose Them
136.0,88,66,8235.461431157793,2,5,5,255,12,5,Can't Lose Them
647.0,88,31,4934.47,2,5,5,255,12,5,Can't Lose Them
2262.0,87,24,2128.044853235458,2,5,5,255,12,5,Can't Lose Them
6675.0,86,33,4164.340757575757,2,5,5,255,12,5,Can't Lose Them
274.0,93,23,1422.35,2,5,5,255,12,5,Can't Lose Them
156.0,90,27,2340.68,2,5,5,255,12,5,Can't Lose Them
7476.0,2,6,367.88,5,4,3,543,12,4,Champions
9268.0,12,6,520.78,4,4,4,444,12,4,Loyal Customers
402.0,31,11,831.66,3,5,4,354,12,4,Loyal Customers
880.0,31,11,1110.74,3,5,4,354,12,4,Loyal Customers
6462.0,30,7,529.8245496900935,3,5,4,354,12,4,Loyal Customers
629.0,37,15,926.87,3,5,4,354,12,4,Loyal Customers
8925.0,37,12,514.12,3,5,4,354,12,4,Loyal Customers
1052.0,35,7,738.4300000000001,3,5,4,354,12,4,Loyal Customers
7115.0,34,9,645.89,3,5,4,354,12,4,Loyal Customers
630.0,12,18,455.38,4,5,3,453,12,4,Loyal Customers
9305.0,12,7,216.97,4,5,3,453,12,4,Loyal Customers
1943.0,12,16,465.15,4,5,3,453,12,4,Loyal Customers
9615.0,13,9,240.65,4,5,3,453,12,4,Loyal Customers
253.0,104,14,1523.0748532354578,2,5,5,255,12,5,Can't Lose Them
571.0,103,19,1365.45,2,5,5,255,12,5,Can't Lose Them
1171.0,5,5,274.92,5,4,3,543,12,4,Champions
6277.0,33,16,527.57,3,5,4,354,12,4,Loyal Customers
8187.0,33,9,684.7636156751653,3,5,4,354,12,4,Loyal Customers
624.0,33,7,571.42,3,5,4,354,12,4,Loyal Customers
8154.0,6,4,687.12,5,3,4,534,12,4,Champions
6390.0,6,4,524.92,5,3,4,534,12,4,Champions
8911.0,6,6,445.84,5,4,3,543,12,4,Champions
8915.0,6,5,344.97,5,4,3,543,12,4,Champions
9882.0,5,3,776.66,5,3,4,534,12,4,Champions
10799.0,5,4,1140.2439821029084,5,3,4,534,12,4,Champions
10807.0,5,3,664.63,5,3,4,534,12,4,Champions
9463.0,5,5,436.17,5,4,3,543,12,4,Champions
6302.0,32,21,977.17,3,5,4,354,12,4,Loyal Customers
1628.0,32,17,693.32,3,5,4,354,12,4,Loyal Customers
8201.0,31,7,756.4871716947379,3,5,4,354,12,4,Loyal Customers
7050.0,31,9,508.14,3,5,4,354,12,4,Loyal Customers
548.0,103,13,1207.36,2,5,5,255,12,5,Can't Lose Them
6148.0,2,7,189.26,5,5,2,552,12,4,Champions
1746.0,13,12,264.41,4,5,3,453,12,4,Loyal Customers
9301.0,0,6,354.3,5,4,3,543,12,4,Champions
347.0,110,20,1953.910757575757,2,5,5,255,12,5,Can't Lose Them
8170.0,14,5,1064.32,4,4,4,444,12,4,Loyal Customers
469.0,158,9,2466.11,2,5,5,255,12,5,Can't Lose Them
1963.0,165,9,1876.67,2,5,5,255,12,5,Can't Lose Them
7687.0,1,6,136.84,5,4,2,542,11,3,Potential Loyalists
9233.0,0,4,342.85,5,3,3,533,11,3,Potential Loyalists
1787.0,112,19,803.1693027597403,2,5,4,254,11,4,Hibernating
9170.0,13,6,379.15,4,4,3,443,11,4,Loyal Customers
1065.0,110,11,533.56,2,5,4,254,11,4,Hibernating
10579.0,5,4,337.66,5,3,3,533,11,3,Potential Loyalists
1272.0,106,7,534.67,2,5,4,254,11,4,Hibernating
329.0,105,11,890.86,2,5,4,254,11,4,Hibernating
11665.0,1,5,182.32,5,4,2,542,11,3,Potential Loyalists
9804.0,13,5,473.09,4,4,3,443,11,4,Loyal Customers
251.0,11,6,456.26,4,4,3,443,11,4,Loyal Customers
615.0,17,6,828.57,3,4,4,344,11,4,Loyal Customers
6441.0,17,6,542.72,3,4,4,344,11,4,Loyal Customers
739.0,16,5,240.22,4,4,3,443,11,4,Loyal Customers
8297.0,12,5,212.88,4,4,3,443,11,4,Loyal Customers
526.0,0,5,109.52,5,4,2,542,11,3,Potential Loyalists
1421.0,167,21,1027.88,2,5,4,254,11,4,Hibernating
841.0,35,12,416.87,3,5,3,353,11,4,Loyal Customers
7001.0,35,6,667.77,3,4,4,344,11,4,Loyal Customers
888.0,32,6,589.49,3,4,4,344,11,4,Loyal Customers
8941.0,32,7,342.49,3,5,3,353,11,4,Loyal Customers
10029.0,5,6,160.7,5,4,2,542,11,3,Potential Loyalists
6501.0,5,3,453.43,5,3,3,533,11,3,Potential Loyalists
9140.0,31,5,641.03,3,4,4,344,11,4,Loyal Customers
1523.0,89,7,540.84,2,5,4,254,11,4,Hibernating
810.0,88,13,987.55,2,5,4,254,11,4,Hibernating
203.0,88,15,558.1,2,5,4,254,11,4,Hibernating
1562.0,87,18,640.64,2,5,4,254,11,4,Hibernating
1563.0,141,9,788.7,2,5,4,254,11,4,Hibernating
6700.0,227,8,2959.76,1,5,5,155,11,5,Can't Lose Them
11297.0,4,3,257.81,5,3,3,533,11,3,Potential Loyalists
6395.0,83,44,1043.21,2,5,4,254,11,4,Hibernating
6978.0,3,4,447.44,5,3,3,533,11,3,Potential Loyalists
6976.0,3,4,243.97,5,3,3,533,11,3,Potential Loyalists
6681.0,69,7,679.0707877190881,2,5,4,254,11,4,Hibernating
18.0,333,17,3541.61,1,5,5,155,11,5,Can't Lose Them
250.0,18,7,443.36,3,5,3,353,11,4,Loyal Customers
1937.0,173,7,1568.08,1,5,5,155,11,5,Can't Lose Them
9001.0,12,6,440.91,4,4,3,443,11,4,Loyal Customers
9605.0,12,5,229.91,4,4,3,443,11,4,Loyal Customers
652.0,121,10,822.72,2,5,4,254,11,4,Hibernating
6822.0,120,9,777.6581466666667,2,5,4,254,11,4,Hibernating
1771.0,20,14,420.91,3,5,3,353,11,4,Loyal Customers
1616.0,11,4,564.71,4,3,4,434,11,4,Loyal Customers
9807.0,11,8,194.17,4,5,2,452,11,4,Loyal Customers
1659.0,89,15,1124.51,2,5,4,254,11,4,Hibernating
684.0,89,15,861.1599388843356,2,5,4,254,11,4,Hibernating
7136.0,89,15,1132.78,2,5,4,254,11,4,Hibernating
9076.0,31,6,1091.96,3,4,4,344,11,4,Loyal Customers
1473.0,30,14,496.76,3,5,3,353,11,4,Loyal Customers
10955.0,6,4,389.63,5,3,3,533,11,3,Potential Loyalists
57.0,38,15,339.62,3,5,3,353,11,4,Loyal Customers
113.0,7,5,262.49,4,4,3,443,11,4,Loyal Customers
7725.0,28,7,295.84,3,5,3,353,11,4,Loyal Customers
8694.0,31,3,1153.42,3,3,5,335,11,4,Loyal Customers
1705.0,27,10,328.33,3,5,3,353,11,4,Loyal Customers
9811.0,7,4,797.62,4,3,4,434,11,4,Loyal Customers
54.0,7,5,371.81,4,4,3,443,11,4,Loyal Customers
9080.0,37,8,231.51,3,5,3,353,11,4,Loyal Customers
1516.0,10,6,241.45,4,4,3,443,11,4,Loyal Customers
8812.0,10,5,453.55,4,4,3,443,11,4,Loyal Customers
9235.0,10,5,263.28,4,4,3,443,11,4,Loyal Customers
822.0,20,12,338.61,3,5,3,353,11,4,Loyal Customers
115.0,70,14,665.39,2,5,4,254,11,4,Hibernating
6394.0,60,38,814.2101739896048,2,5,4,254,11,4,Hibernating
6258.0,151,7,1032.07,2,5,4,254,11,4,Hibernating
1850.0,27,10,305.84,3,5,3,353,11,4,Loyal Customers
9629.0,25,5,676.3000000000001,3,4,4,344,11,4,Loyal Customers
8385.0,25,4,1295.1,3,3,5,335,11,4,Loyal Customers
574.0,38,12,246.67,3,5,3,353,11,4,Loyal Customers
1054.0,38,6,526.44,3,4,4,344,11,4,Loyal Customers
8269.0,21,5,596.19,3,4,4,344,11,4,Loyal Customers
1609.0,21,8,459.09,3,5,3,353,11,4,Loyal Customers
1515.0,21,14,441.68,3,5,3,353,11,4,Loyal Customers
7013.0,144,8,762.7307763975156,2,5,4,254,11,4,Hibernating
6810.0,144,10,776.67,2,5,4,254,11,4,Hibernating
839.0,87,11,534.8,2,5,4,254,11,4,Hibernating
6984.0,4,4,215.22,5,3,3,533,11,3,Potential Loyalists
1607.0,61,17,749.05,2,5,4,254,11,4,Hibernating
1430.0,41,16,386.41,3,5,3,353,11,4,Loyal Customers
8668.0,7,6,327.5,4,4,3,443,11,4,Loyal Customers
9637.0,8,6,362.16,4,4,3,443,11,4,Loyal Customers
8931.0,7,5,489.94,4,4,3,443,11,4,Loyal Customers
831.0,95,15,1062.34,2,5,4,254,11,4,Hibernating
1611.0,92,8,878.14,2,5,4,254,11,4,Hibernating
8760.0,40,6,521.8736156751653,3,4,4,344,11,4,Loyal Customers
371.0,214,14,1204.9766995689165,1,5,5,155,11,5,Can't Lose Them
6701.0,42,17,311.27,3,5,3,353,11,4,Loyal Customers
60.0,42,20,329.2,3,5,3,353,11,4,Loyal Customers
266.0,297,15,1622.3635317460316,1,5,5,155,11,5,Can't Lose Them
6266.0,24,7,370.97,3,5,3,353,11,4,Loyal Customers
669.0,24,7,337.37,3,5,3,353,11,4,Loyal Customers
1959.0,24,9,469.74,3,5,3,353,11,4,Loyal Customers
10289.0,10,7,130.36,4,5,2,452,11,4,Loyal Customers
9874.0,10,3,534.18,4,3,4,434,11,4,Loyal Customers
6199.0,53,17,1105.545153256705,2,5,4,254,11,4,Hibernating
420.0,58,10,505.44595833333335,2,5,4,254,11,4,Hibernating
1504.0,188,13,1835.95,1,5,5,155,11,5,Can't Lose Them
6530.0,26,26,293.68,3,5,3,353,11,4,Loyal Customers
755.0,42,11,282.93,3,5,3,353,11,4,Loyal Customers
7663.0,4,3,222.95,5,3,3,533,11,3,Potential Loyalists
8641.0,4,4,212.17,5,3,3,533,11,3,Potential Loyalists
4561.0,46,7,492.95,3,5,3,353,11,4,Loyal Customers
1561.0,46,3,3426.8308673117185,3,3,5,335,11,4,Loyal Customers
6408.0,25,7,333.4,3,5,3,353,11,4,Loyal Customers
1112.0,25,5,575.37,3,4,4,344,11,4,Loyal Customers
10835.0,8,6,323.6,4,4,3,443,11,4,Loyal Customers
1618.0,9,7,140.14,4,5,2,452,11,4,Loyal Customers
1929.0,24,8,223.57,3,5,3,353,11,4,Loyal Customers
6432.0,53,13,1094.98,2,5,4,254,11,4,Hibernating
2329.0,53,22,503.32,2,5,4,254,11,4,Hibernating
1150.0,13,8,191.13,4,5,2,452,11,4,Loyal Customers
583.0,80,10,591.3100000000001,2,5,4,254,11,4,Hibernating
6239.0,76,11,681.54,2,5,4,254,11,4,Hibernating
1513.0,74,11,800.3145496900935,2,5,4,254,11,4,Hibernating
1210.0,161,10,947.45,2,5,4,254,11,4,Hibernating
1838.0,160,13,760.9785851173331,2,5,4,254,11,4,Hibernating
6191.0,158,10,1136.28,2,5,4,254,11,4,Hibernating
9992.0,11,6,307.81,4,4,3,443,11,4,Loyal Customers
10009.0,11,5,274.12,4,4,3,443,11,4,Loyal Customers
9180.0,35,6,586.3754938271605,3,4,4,344,11,4,Loyal Customers
7439.0,32,8,370.19,3,5,3,353,11,4,Loyal Customers
8535.0,5,4,267.5,5,3,3,533,11,3,Potential Loyalists
929.0,133,25,564.02,2,5,4,254,11,4,Hibernating
226.0,91,15,819.15,2,5,4,254,11,4,Hibernating
1311.0,117,17,1041.91,2,5,4,254,11,4,Hibernating
545.0,116,5,1096.9256244131454,2,4,4,244,10,4,Hibernating
7188.0,13,4,311.58000000000004,4,3,3,433,10,3,Potential Loyalists
1209.0,34,4,815.26,3,3,4,334,10,4,Loyal Customers
181.0,33,5,251.14,3,4,3,343,10,4,Loyal Customers
10625.0,5,4,104.72006535947712,5,3,2,532,10,2,Price Sensitive
10711.0,5,2,318.62,5,2,3,523,10,2,Price Sensitive
7109.0,5,2,376.95,5,2,3,523,10,2,Price Sensitive
1796.0,235,11,1080.3941932584269,1,5,4,154,10,4,Hibernating
1757.0,33,5,248.09,3,4,3,343,10,4,Loyal Customers
633.0,35,5,219.29,3,4,3,343,10,4,Loyal Customers
1056.0,34,3,793.53,3,3,4,334,10,4,Loyal Customers
9627.0,34,6,263.058469015028,3,4,3,343,10,4,Loyal Customers
8727.0,2,3,127.37,5,3,2,532,10,2,Price Sensitive
7544.0,12,4,209.42,4,3,3,433,10,3,Potential Loyalists
1424.0,14,6,197.61,4,4,2,442,10,3,Potential Loyalists
834.0,77,7,308.05,2,5,3,253,10,4,Hibernating
188.0,116,8,242.62,2,5,3,253,10,4,Hibernating
643.0,24,9,178.64,3,5,2,352,10,4,Loyal Customers
7124.0,45,5,305.03,3,4,3,343,10,4,Loyal Customers
7274.0,9,3,301.39,4,3,3,433,10,3,Potential Loyalists
10805.0,9,3,209.41,4,3,3,433,10,3,Potential Loyalists
221.0,25,6,437.11,3,4,3,343,10,4,Loyal Customers
828.0,26,5,409.55,3,4,3,343,10,4,Loyal Customers
7871.0,4,3,197.73,5,3,2,532,10,2,Price Sensitive
7076.0,46,5,299.29,3,4,3,343,10,4,Loyal Customers
6709.0,39,5,370.7,3,4,3,343,10,4,Loyal Customers
1203.0,276,8,649.9266995689163,1,5,4,154,10,4,Hibernating
1431.0,285,17,703.31,1,5,4,154,10,4,Hibernating
2120.0,289,54,882.23,1,5,4,154,10,4,Hibernating
825.0,126,33,459.26,2,5,3,253,10,4,Hibernating
1552.0,130,7,334.19,2,5,3,253,10,4,Hibernating
538.0,130,5,602.12,2,4,4,244,10,4,Hibernating
6407.0,130,29,477.44,2,5,3,253,10,4,Hibernating
10277.0,4,3,184.57,5,3,2,532,10,2,Price Sensitive
10211.0,4,2,237.56,5,2,3,523,10,2,Price Sensitive
1478.0,42,7,141.22,3,5,2,352,10,4,Loyal Customers
11105.0,0,2,368.25,5,2,3,523,10,2,Price Sensitive
7082.0,47,6,500.48,3,4,3,343,10,4,Loyal Customers
381.0,53,7,412.66,2,5,3,253,10,4,Hibernating
80.0,53,8,368.25,2,5,3,253,10,4,Hibernating
9349.0,10,4,353.44,4,3,3,433,10,3,Potential Loyalists
6393.0,10,7,43.36,4,5,1,451,10,3,Potential Loyalists
2111.0,297,11,1108.43,1,5,4,154,10,4,Hibernating
964.0,207,6,1170.25,1,4,5,145,10,4,Hibernating
528.0,216,12,912.5,1,5,4,154,10,4,Hibernating
6216.0,133,9,234.02,2,5,3,253,10,4,Hibernating
10114.0,7,4,292.11,4,3,3,433,10,3,Potential Loyalists
9552.0,8,3,388.2,4,3,3,433,10,3,Potential Loyalists
9994.0,41,8,179.83,3,5,2,352,10,4,Loyal Customers
620.0,62,9,296.81,2,5,3,253,10,4,Hibernating
6426.0,54,8,487.19,2,5,3,253,10,4,Hibernating
6305.0,196,17,719.32,1,5,4,154,10,4,Hibernating
317.0,199,22,706.73,1,5,4,154,10,4,Hibernating
975.0,2,3,89.03,5,3,2,532,10,2,Price Sensitive
631.0,87,6,706.29,2,4,4,244,10,4,Hibernating
8862.0,23,4,789.69,3,3,4,334,10,4,Loyal Customers
8465.0,0,2,372.37,5,2,3,523,10,2,Price Sensitive
8257.0,41,5,453.3,3,4,3,343,10,4,Loyal Customers
1230.0,41,5,243.71,3,4,3,343,10,4,Loyal Customers
6993.0,42,5,339.92,3,4,3,343,10,4,Loyal Customers
10369.0,4,3,170.22,5,3,2,532,10,2,Price Sensitive
9020.0,4,3,183.83,5,3,2,532,10,2,Price Sensitive
7866.0,39,5,330.2707575757576,3,4,3,343,10,4,Loyal Customers
1247.0,39,10,182.8,3,5,2,352,10,4,Loyal Customers
9505.0,7,5,173.59,4,4,2,442,10,3,Potential Loyalists
9593.0,26,5,294.29,3,4,3,343,10,4,Loyal Customers
1297.0,26,5,215.46,3,4,3,343,10,4,Loyal Customers
6577.0,27,6,320.75,3,4,3,343,10,4,Loyal Customers
210.0,81,13,345.57,2,5,3,253,10,4,Hibernating
6639.0,153,6,609.16,2,4,4,244,10,4,Hibernating
6706.0,51,3,697.98,3,3,4,334,10,4,Loyal Customers
367.0,181,10,574.4342901234568,1,5,4,154,10,4,Hibernating
8917.0,20,6,318.45,3,4,3,343,10,4,Loyal Customers
6344.0,20,6,492.26,3,4,3,343,10,4,Loyal Customers
271.0,298,7,502.59,1,5,4,154,10,4,Hibernating
6743.0,182,9,1020.6848367521692,1,5,4,154,10,4,Hibernating
8959.0,61,9,397.1,2,5,3,253,10,4,Hibernating
1354.0,40,6,219.67,3,4,3,343,10,4,Loyal Customers
10058.0,4,2,287.11,5,2,3,523,10,2,Price Sensitive
327.0,40,4,621.4399999999999,3,3,4,334,10,4,Loyal Customers
6893.0,7,4,226.72,4,3,3,433,10,3,Potential Loyalists
7727.0,7,3,411.33,4,3,3,433,10,3,Potential Loyalists
9295.0,27,5,495.37,3,4,3,343,10,4,Loyal Customers
1915.0,27,6,315.83,3,4,3,343,10,4,Loyal Customers
6761.0,7,5,99.5,4,4,2,442,10,3,Potential Loyalists
10609.0,7,3,263.0600653594771,4,3,3,433,10,3,Potential Loyalists
1740.0,7,3,226.49,4,3,3,433,10,3,Potential Loyalists
10189.0,38,4,784.73,3,3,4,334,10,4,Loyal Customers
8886.0,7,6,187.41,4,4,2,442,10,3,Potential Loyalists
2115.0,263,12,769.2,1,5,4,154,10,4,Hibernating
1784.0,250,8,848.4,1,5,4,154,10,4,Hibernating
1248.0,256,12,1014.79,1,5,4,154,10,4,Hibernating
459.0,30,5,211.71,3,4,3,343,10,4,Loyal Customers
8804.0,30,5,234.41,3,4,3,343,10,4,Loyal Customers
6543.0,82,4,1419.56,2,3,5,235,10,4,Hibernating
6223.0,73,17,463.15,2,5,3,253,10,4,Hibernating
8949.0,73,5,503.64,2,4,4,244,10,4,Hibernating
5895.0,164,36,242.44,2,5,3,253,10,4,Hibernating
7129.0,149,8,265.46,2,5,3,253,10,4,Hibernating
569.0,151,13,403.39,2,5,3,253,10,4,Hibernating
10222.0,3,3,140.32,5,3,2,532,10,2,Price Sensitive
11119.0,3,2,385.84,5,2,3,523,10,2,Price Sensitive
9821.0,11,4,409.01,4,3,3,433,10,3,Potential Loyalists
9709.0,11,3,483.13,4,3,3,433,10,3,Potential Loyalists
9371.0,101,5,799.1836156751652,2,4,4,244,10,4,Hibernating
814.0,3,3,76.39999999999999,5,3,2,532,10,2,Price Sensitive
9557.0,12,4,289.65,4,3,3,433,10,3,Potential Loyalists
285.0,174,6,3359.746861655115,1,4,5,145,10,4,Hibernating
7141.0,17,5,443.7,3,4,3,343,10,4,Loyal Customers
4563.0,19,6,470.28,3,4,3,343,10,4,Loyal Customers
87.0,341,21,528.13,1,5,4,154,10,4,Hibernating
1412.0,19,19,82.44,3,5,2,352,10,4,Loyal Customers
1742.0,69,5,573.7826902173913,2,4,4,244,10,4,Hibernating
1743.0,73,10,483.44,2,5,3,253,10,4,Hibernating
8553.0,37,4,520.4,3,3,4,334,10,4,Loyal Customers
314.0,31,4,688.62,3,3,4,334,10,4,Loyal Customers
7875.0,5,3,185.34,5,3,2,532,10,2,Price Sensitive
8889.0,35,6,445.34,3,4,3,343,10,4,Loyal Customers
636.0,164,8,439.69,2,5,3,253,10,4,Hibernating
2014.0,345,5,2576.06,1,4,5,145,10,4,Hibernating
9125.0,16,3,294.93,4,3,3,433,10,3,Potential Loyalists
9969.0,11,5,89.05,4,4,2,442,10,3,Potential Loyalists
9555.0,13,4,259.39,4,3,3,433,10,3,Potential Loyalists
6648.0,32,7,86.98,3,5,2,352,10,4,Loyal Customers
8905.0,32,6,414.19,3,4,3,343,10,4,Loyal Customers
9413.0,6,3,132.77,5,3,2,532,10,2,Price Sensitive
1713.0,117,22,463.35,2,5,3,253,10,4,Hibernating
1142.0,2,3,156.75,5,3,2,532,10,2,Price Sensitive
11263.0,2,3,96.28,5,3,2,532,10,2,Price Sensitive
2112.0,367,10,747.13,1,5,4,154,10,4,Hibernating
1382.0,109,13,273.67,2,5,3,253,10,4,Hibernating
6664.0,109,5,560.74,2,4,4,244,10,4,Hibernating
2113.0,368,11,780.18,1,5,4,154,10,4,Hibernating
2114.0,368,10,597.57,1,5,4,154,10,4,Hibernating
7176.0,13,3,232.64,4,3,3,433,10,3,Potential Loyalists
7538.0,13,3,283.7,4,3,3,433,10,3,Potential Loyalists
1113.0,1,3,168.4,5,3,2,532,10,2,Price Sensitive
1880.0,118,6,504.47,2,4,4,244,10,4,Hibernating
9084.0,104,6,206.17795293602103,2,4,3,243,9,4,Hibernating
11259.0,2,2,97.35,5,2,2,522,9,2,Price Sensitive
8929.0,105,5,310.56,2,4,3,243,9,4,Hibernating
2107.0,367,11,467.28,1,5,3,153,9,4,Hibernating
2108.0,368,10,461.39,1,5,3,153,9,4,Hibernating
2109.0,367,11,491.38,1,5,3,153,9,4,Hibernating
10002.0,14,3,199.4,4,3,2,432,9,2,Recent Users
9783.0,14,5,75.35,4,4,1,441,9,2,Recent Users
487.0,13,4,97.02,4,3,2,432,9,2,Recent Users
343.0,385,7,321.789743996744,1,5,3,153,9,4,Hibernating
2110.0,368,11,439.1,1,5,3,153,9,4,Hibernating
1845.0,259,9,264.95,1,5,3,153,9,4,Hibernating
7384.0,5,2,82.19,5,2,2,522,9,2,Price Sensitive
942.0,224,6,557.2305938553134,1,4,4,144,9,4,Hibernating
6738.0,137,4,769.54,2,3,4,234,9,4,Hibernating
11408.0,5,2,86.92,5,2,2,522,9,2,Price Sensitive
7877.0,33,4,365.38,3,3,3,333,9,3,Need Attention
7873.0,33,4,279.9,3,3,3,333,9,3,Need Attention
11235.0,5,2,163.4,5,2,2,522,9,2,Price Sensitive
1921.0,91,5,406.76,2,4,3,243,9,4,Hibernating
9667.0,6,2,162.88,5,2,2,522,9,2,Price Sensitive
8808.0,30,2,596.21,3,2,4,324,9,3,Need Attention
10541.0,4,3,44.32,5,3,1,531,9,2,Price Sensitive
6650.0,4,2,185.14,5,2,2,522,9,2,Price Sensitive
6834.0,40,4,295.21633279914533,3,3,3,333,9,3,Need Attention
1573.0,93,5,343.11,2,4,3,243,9,4,Hibernating
6367.0,131,5,260.85,2,4,3,243,9,4,Hibernating
9977.0,40,3,415.0,3,3,3,333,9,3,Need Attention
11003.0,8,3,92.12,4,3,2,432,9,2,Recent Users
11646.0,2,1,349.32,5,1,3,513,9,2,Price Sensitive
1077.0,90,5,283.98,2,4,3,243,9,4,Hibernating
1502.0,280,14,482.74,1,5,3,153,9,4,Hibernating
6707.0,39,3,459.82,3,3,3,333,9,3,Need Attention
660.0,42,4,439.41,3,3,3,333,9,3,Need Attention
4584.0,41,4,370.87,3,3,3,333,9,3,Need Attention
478.0,41,3,340.55,3,3,3,333,9,3,Need Attention
1454.0,289,7,419.22,1,5,3,153,9,4,Hibernating
6243.0,284,5,698.99,1,4,4,144,9,4,Hibernating
6458.0,217,8,310.54753437497294,1,5,3,153,9,4,Hibernating
1310.0,265,9,298.17,1,5,3,153,9,4,Hibernating
9381.0,39,4,313.88,3,3,3,333,9,3,Need Attention
5890.0,4,4,74.32,5,3,1,531,9,2,Price Sensitive
8055.0,7,3,157.04,4,3,2,432,9,2,Recent Users
1182.0,34,4,266.97,3,3,3,333,9,3,Need Attention
8555.0,37,3,236.95,3,3,3,333,9,3,Need Attention
3565.0,4,4,39.84,5,3,1,531,9,2,Price Sensitive
9307.0,39,3,296.35,3,3,3,333,9,3,Need Attention
397.0,83,9,170.52,2,5,2,252,9,4,Hibernating
9011.0,89,5,358.49,2,4,3,243,9,4,Hibernating
11325.0,6,1,260.39,5,1,3,513,9,2,Price Sensitive
10648.0,6,2,168.88,5,2,2,522,9,2,Price Sensitive
394.0,31,5,198.31,3,4,2,342,9,3,Need Attention
4303.0,4,3,8.68,5,3,1,531,9,2,Price Sensitive
1601.0,4,2,78.31,5,2,2,522,9,2,Price Sensitive
4555.0,185,10,451.71,1,5,3,153,9,4,Hibernating
1782.0,185,7,242.4,1,5,3,153,9,4,Hibernating
6956.0,4,2,137.43,5,2,2,522,9,2,Price Sensitive
309.0,188,9,489.1175343749729,1,5,3,153,9,4,Hibernating
6099.0,150,17,119.41,2,5,2,252,9,4,Hibernating
486.0,80,7,151.16,2,5,2,252,9,4,Hibernating
174.0,10,4,187.27,4,3,2,432,9,2,Recent Users
268.0,19,3,247.48,3,3,3,333,9,3,Need Attention
11377.0,2,2,165.99,5,2,2,522,9,2,Price Sensitive
678.0,17,3,211.75,3,3,3,333,9,3,Need Attention
1592.0,171,14,391.07,1,5,3,153,9,4,Hibernating
1482.0,174,10,379.19,1,5,3,153,9,4,Hibernating
4567.0,82,8,188.05,2,5,2,252,9,4,Hibernating
932.0,3,2,92.9400606060606,5,2,2,522,9,2,Price Sensitive
9327.0,18,3,437.88,3,3,3,333,9,3,Need Attention
10319.0,11,3,128.41,4,3,2,432,9,2,Recent Users
6579.0,17,2,780.1,3,2,4,324,9,3,Need Attention
7707.0,67,3,557.01,2,3,4,234,9,4,Hibernating
395.0,117,5,389.62,2,4,3,243,9,4,Hibernating
183.0,71,6,296.5407575757576,2,4,3,243,9,4,Hibernating
6850.0,75,3,590.93,2,3,4,234,9,4,Hibernating
10678.0,11,3,113.99,4,3,2,432,9,2,Recent Users
10931.0,0,2,171.12,5,2,2,522,9,2,Price Sensitive
9579.0,12,4,146.72,4,3,2,432,9,2,Recent Users
9103.0,16,2,214.52,4,2,3,423,9,2,Recent Users
1490.0,192,15,394.82,1,5,3,153,9,4,Hibernating
763.0,315,7,207.73,1,5,3,153,9,4,Hibernating
330.0,20,5,178.13,3,4,2,342,9,3,Need Attention
2077.0,10,3,189.53,4,3,2,432,9,2,Recent Users
9933.0,10,4,161.36,4,3,2,432,9,2,Recent Users
383.0,201,7,221.27,1,5,3,153,9,4,Hibernating
278.0,83,6,333.91,2,4,3,243,9,4,Hibernating
11247.0,0,2,102.0,5,2,2,522,9,2,Price Sensitive
2079.0,301,22,421.39,1,5,3,153,9,4,Hibernating
1387.0,21,4,251.72,3,3,3,333,9,3,Need Attention
1505.0,307,9,312.3,1,5,3,153,9,4,Hibernating
9649.0,24,4,422.64,3,3,3,333,9,3,Need Attention
21.0,315,15,322.19730555555554,1,5,3,153,9,4,Hibernating
7723.0,24,4,259.95,3,3,3,333,9,3,Need Attention
957.0,20,5,173.25200410671624,3,4,2,342,9,3,Need Attention
7667.0,20,4,501.47,3,3,3,333,9,3,Need Attention
7358.0,53,5,268.24,2,4,3,243,9,4,Hibernating
1418.0,58,7,116.94,2,5,2,252,9,4,Hibernating
335.0,58,5,311.26,2,4,3,243,9,4,Hibernating
6114.0,58,6,404.86,2,4,3,243,9,4,Hibernating
9862.0,10,3,155.57999999999998,4,3,2,432,9,2,Recent Users
9643.0,24,3,296.75,3,3,3,333,9,3,Need Attention
6869.0,25,4,292.71,3,3,3,333,9,3,Need Attention
7423.0,4,2,86.96000000000001,5,2,2,522,9,2,Price Sensitive
8095.0,4,2,97.6439547727767,5,2,2,522,9,2,Price Sensitive
1122.0,53,9,137.19,2,5,2,252,9,4,Hibernating
7747.0,9,3,204.73,4,3,2,432,9,2,Recent Users
8848.0,24,4,380.91,3,3,3,333,9,3,Need Attention
6149.0,9,2,234.21,4,2,3,423,9,2,Recent Users
1170.0,45,5,205.8758524904215,3,4,2,342,9,3,Need Attention
154.0,207,8,236.7,1,5,3,153,9,4,Hibernating
10871.0,8,3,135.9,4,3,2,432,9,2,Recent Users
8784.0,42,3,358.92,3,3,3,333,9,3,Need Attention
10813.0,4,2,169.92,5,2,2,522,9,2,Price Sensitive
785.0,42,5,154.7,3,4,2,342,9,3,Need Attention
1613.0,130,6,350.71,2,4,3,243,9,4,Hibernating
1829.0,125,5,279.54,2,4,3,243,9,4,Hibernating
9641.0,0,2,159.64,5,2,2,522,9,2,Price Sensitive
6954.0,14,2,455.56,4,2,3,423,9,2,Recent Users
6135.0,74,12,177.76,2,5,2,252,9,4,Hibernating
7606.0,12,3,138.51,4,3,2,432,9,2,Recent Users
1271.0,354,21,285.39,1,5,3,153,9,4,Hibernating
10013.0,12,3,110.0,4,3,2,432,9,2,Recent Users
10425.0,11,2,430.33,4,2,3,423,9,2,Recent Users
830.0,340,7,435.85,1,5,3,153,9,4,Hibernating
8944.0,74,3,702.86,2,3,4,234,9,4,Hibernating
98.0,165,4,781.32,2,3,4,234,9,4,Hibernating
1770.0,19,4,364.45,3,3,3,333,9,3,Need Attention
1759.0,167,6,250.63,2,4,3,243,9,4,Hibernating
190.0,182,8,487.93,1,5,3,153,9,4,Hibernating
9401.0,20,5,138.5,3,4,2,342,9,3,Need Attention
1519.0,213,4,603.4,1,3,4,134,8,4,Hibernating
6262.0,94,4,473.47,2,3,3,233,8,3,Hibernating
7814.0,34,2,288.95,3,2,3,323,8,2,About To Sleep
11149.0,6,1,192.61,5,1,2,512,8,2,Price Sensitive
10617.0,7,2,178.94,4,2,2,422,8,2,Recent Users
687.0,28,2,461.61,3,2,3,323,8,2,About To Sleep
11549.0,4,1,126.05,5,1,2,512,8,2,Price Sensitive
833.0,218,3,553.05,1,3,4,134,8,4,Hibernating
8901.0,4,1,108.12,5,1,2,512,8,2,Price Sensitive
293.0,217,4,932.05,1,3,4,134,8,4,Hibernating
6156.0,7,2,187.58,4,2,2,422,8,2,Recent Users
9272.0,39,4,93.98,3,3,2,332,8,2,About To Sleep
1495.0,263,9,105.73,1,5,2,152,8,4,Hibernating
7518.0,26,3,114.08,3,3,2,332,8,2,About To Sleep
921.0,268,5,463.94,1,4,3,143,8,4,Hibernating
125.0,269,5,293.12,1,4,3,143,8,4,Hibernating
9391.0,37,4,113.34,3,3,2,332,8,2,About To Sleep
9462.0,90,10,23.67,2,5,1,251,8,3,Hibernating
905.0,235,6,458.52,1,4,3,143,8,4,Hibernating
7052.0,32,4,184.27,3,3,2,332,8,2,About To Sleep
10791.0,13,2,198.23,4,2,2,422,8,2,Recent Users
1031.0,109,5,102.24,2,4,2,242,8,3,Hibernating
10921.0,13,2,110.42,4,2,2,422,8,2,Recent Users
10303.0,14,3,12.05,4,3,1,431,8,2,Recent Users
935.0,112,6,113.86,2,4,2,242,8,3,Hibernating
1632.0,112,5,149.78,2,4,2,242,8,3,Hibernating
924.0,104,5,130.17000000000002,2,4,2,242,8,3,Hibernating
507.0,115,3,209.73,2,3,3,233,8,3,Hibernating
1370.0,107,3,483.73,2,3,3,233,8,3,Hibernating
818.0,90,3,214.16561708775828,2,3,3,233,8,3,Hibernating
954.0,135,5,84.14,2,4,2,242,8,3,Hibernating
6438.0,90,4,288.63,2,3,3,233,8,3,Hibernating
11489.0,4,1,116.9,5,1,2,512,8,2,Price Sensitive
1146.0,33,3,127.91,3,3,2,332,8,2,About To Sleep
1625.0,32,2,237.76,3,2,3,323,8,2,About To Sleep
1568.0,89,4,244.95,2,3,3,233,8,3,Hibernating
7858.0,33,2,377.09,3,2,3,323,8,2,About To Sleep
4604.0,33,3,89.33000000000001,3,3,2,332,8,2,About To Sleep
11680.0,2,1,128.2,5,1,2,512,8,2,Price Sensitive
1522.0,221,6,337.02,1,4,3,143,8,4,Hibernating
6456.0,33,4,157.67,3,3,2,332,8,2,About To Sleep
1730.0,34,3,197.19,3,3,2,332,8,2,About To Sleep
7468.0,32,4,94.31,3,3,2,332,8,2,About To Sleep
7321.0,5,1,81.84,5,1,2,512,8,2,Price Sensitive
1395.0,219,3,742.42,1,3,4,134,8,4,Hibernating
11466.0,5,1,86.28,5,1,2,512,8,2,Price Sensitive
10081.0,5,1,200.86,5,1,2,512,8,2,Price Sensitive
561.0,243,5,304.4,1,4,3,143,8,4,Hibernating
1459.0,275,6,435.79,1,4,3,143,8,4,Hibernating
9385.0,27,4,141.96,3,3,2,332,8,2,About To Sleep
9281.0,26,4,145.39,3,3,2,332,8,2,About To Sleep
1360.0,47,3,177.62,3,3,2,332,8,2,About To Sleep
10083.0,26,2,405.97,3,2,3,323,8,2,About To Sleep
7584.0,26,3,152.54,3,3,2,332,8,2,About To Sleep
727.0,41,2,353.08,3,2,3,323,8,2,About To Sleep
9221.0,41,4,180.15,3,3,2,332,8,2,About To Sleep
6654.0,42,4,185.62,3,3,2,332,8,2,About To Sleep
7464.0,39,4,124.85,3,3,2,332,8,2,About To Sleep
11141.0,7,2,84.32000000000001,4,2,2,422,8,2,Recent Users
1956.0,40,4,128.34,3,3,2,332,8,2,About To Sleep
6687.0,132,3,344.71,2,3,3,233,8,3,Hibernating
6757.0,40,4,134.75,3,3,2,332,8,2,About To Sleep
7729.0,24,3,141.6,3,3,2,332,8,2,About To Sleep
6211.0,143,5,81.17,2,4,2,242,8,3,Hibernating
1384.0,21,4,93.33,3,3,2,332,8,2,About To Sleep
7655.0,24,3,121.57,3,3,2,332,8,2,About To Sleep
8965.0,47,3,188.61,3,3,2,332,8,2,About To Sleep
10293.0,24,2,230.35,3,2,3,323,8,2,About To Sleep
550.0,24,4,169.22,3,3,2,332,8,2,About To Sleep
9146.0,42,4,193.06,3,3,2,332,8,2,About To Sleep
7318.0,42,2,248.36,3,2,3,323,8,2,About To Sleep
1556.0,4,1,135.47,5,1,2,512,8,2,Price Sensitive
46.0,40,4,90.02,3,3,2,332,8,2,About To Sleep
76.0,45,5,73.46000000000001,3,4,1,341,8,2,About To Sleep
725.0,9,2,79.41,4,2,2,422,8,2,Recent Users
7329.0,46,3,111.56,3,3,2,332,8,2,About To Sleep
10431.0,24,2,356.47006535947713,3,2,3,323,8,2,About To Sleep
7282.0,23,3,180.98,3,3,2,332,8,2,About To Sleep
9836.0,24,2,306.91,3,2,3,323,8,2,About To Sleep
10203.0,24,5,24.17,3,4,1,341,8,2,About To Sleep
1096.0,54,4,226.42,2,3,3,233,8,3,Hibernating
551.0,54,5,148.85,2,4,2,242,8,3,Hibernating
97.0,10,2,144.18,4,2,2,422,8,2,Recent Users
827.0,20,4,139.01361567516523,3,3,2,332,8,2,About To Sleep
704.0,191,4,515.7,1,3,4,134,8,4,Hibernating
8108.0,55,3,409.85,2,3,3,233,8,3,Hibernating
7699.0,56,2,671.25,2,2,4,224,8,3,Hibernating
9115.0,23,4,104.71,3,3,2,332,8,2,About To Sleep
7753.0,23,2,210.88,3,2,3,323,8,2,About To Sleep
1090.0,172,8,192.69,1,5,2,152,8,4,Hibernating
1710.0,98,4,271.15,2,3,3,233,8,3,Hibernating
151.0,98,5,154.72,2,4,2,242,8,3,Hibernating
11312.0,2,1,135.53,5,1,2,512,8,2,Price Sensitive
2138.0,123,3,319.21685477657934,2,3,3,233,8,3,Hibernating
6618.0,170,8,96.4,1,5,2,152,8,4,Hibernating
9573.0,82,3,371.01,2,3,3,233,8,3,Hibernating
6816.0,171,5,255.68,1,4,3,143,8,4,Hibernating
9657.0,102,3,408.10277777777776,2,3,3,233,8,3,Hibernating
414.0,17,3,99.24,3,3,2,332,8,2,About To Sleep
699.0,17,4,153.82999999999998,3,3,2,332,8,2,About To Sleep
656.0,180,4,531.905626790173,1,3,4,134,8,4,Hibernating
1308.0,16,2,184.2354070348173,4,2,2,422,8,2,Recent Users
683.0,326,6,255.28,1,4,3,143,8,4,Hibernating
1378.0,19,4,77.6,3,3,2,332,8,2,About To Sleep
11621.0,3,1,202.08,5,1,2,512,8,2,Price Sensitive
1233.0,16,2,87.8,4,2,2,422,8,2,Recent Users
379.0,17,2,288.06,3,2,3,323,8,2,About To Sleep
10204.0,16,3,28.9,4,3,1,431,8,2,Recent Users
10989.0,12,1,321.33000000000004,4,1,3,413,8,2,Recent Users
282.0,354,9,203.05,1,5,2,152,8,4,Hibernating
10704.0,14,2,193.38,4,2,2,422,8,2,Recent Users
10863.0,11,2,160.07,4,2,2,422,8,2,Recent Users
856.0,161,6,204.81,2,4,2,242,8,3,Hibernating
7879.0,117,3,379.56,2,3,3,233,8,3,Hibernating
10885.0,13,1,92.71,4,1,2,412,7,2,Recent Users
287.0,376,4,223.45,1,3,3,133,7,3,Hibernating
281.0,373,4,301.29,1,3,3,133,7,3,Hibernating
851.0,371,4,307.8,1,3,3,133,7,3,Hibernating
8158.0,112,2,211.72,2,2,3,223,7,2,Lost
7806.0,112,3,136.09,2,3,2,232,7,2,Lost
1441.0,111,3,192.88,2,3,2,232,7,2,Lost
1131.0,76,3,191.88,2,3,2,232,7,2,Lost
8933.0,75,4,186.27,2,3,2,232,7,2,Lost
584.0,156,3,179.25921233902366,2,3,2,232,7,2,Lost
1947.0,166,3,124.3,2,3,2,232,7,2,Lost
7586.0,166,1,675.12,2,1,4,214,7,2,Lost
8251.0,73,3,192.21,2,3,2,232,7,2,Lost
11585.0,3,1,19.49,5,1,1,511,7,1,Price Sensitive
9331.0,68,3,170.79999999999998,2,3,2,232,7,2,Lost
8295.0,66,2,303.96,2,2,3,223,7,2,Lost
6244.0,66,4,142.82,2,3,2,232,7,2,Lost
8039.0,63,4,157.03,2,3,2,232,7,2,Lost
6861.0,178,4,374.92,1,3,3,133,7,3,Hibernating
11633.0,3,1,49.45,5,1,1,511,7,1,Price Sensitive
11583.0,3,1,55.61,5,1,1,511,7,1,Price Sensitive
11617.0,3,1,12.76,5,1,1,511,7,1,Price Sensitive
8601.0,4,1,31.73,5,1,1,511,7,1,Price Sensitive
7084.0,4,1,18.88,5,1,1,511,7,1,Price Sensitive
11589.0,3,1,25.200000000000003,5,1,1,511,7,1,Price Sensitive
11611.0,3,1,27.27,5,1,1,511,7,1,Price Sensitive
7086.0,47,2,98.35,3,2,2,322,7,2,About To Sleep
1143.0,58,2,319.96000000000004,2,2,3,223,7,2,Lost
9135.0,56,3,104.86,2,3,2,232,7,2,Lost
1637.0,55,2,345.87,2,2,3,223,7,2,Lost
10557.0,0,1,23.31,5,1,1,511,7,1,Price Sensitive
6509.0,142,2,292.14,2,2,3,223,7,2,Lost
976.0,87,3,162.38,2,3,2,232,7,2,Lost
9761.0,86,2,257.67,2,2,3,223,7,2,Lost
11623.0,3,1,41.9,5,1,1,511,7,1,Price Sensitive
958.0,2,1,71.53999999999999,5,1,1,511,7,1,Price Sensitive
6734.0,207,3,279.46805215257393,1,3,3,133,7,3,Hibernating
6102.0,200,3,280.4,1,3,3,133,7,3,Hibernating
6772.0,199,3,237.43,1,3,3,133,7,3,Hibernating
7528.0,54,2,222.91,2,2,3,223,7,2,Lost
8293.0,4,1,67.62,5,1,1,511,7,1,Price Sensitive
9902.0,4,1,38.27,5,1,1,511,7,1,Price Sensitive
123.0,208,3,227.56,1,3,3,133,7,3,Hibernating
7542.0,40,2,148.51,3,2,2,322,7,2,About To Sleep
10273.0,38,2,119.83,3,2,2,322,7,2,About To Sleep
6915.0,38,2,121.85078771908812,3,2,2,322,7,2,About To Sleep
1719.0,38,2,132.84012596553774,3,2,2,322,7,2,About To Sleep
11493.0,4,1,32.620000000000005,5,1,1,511,7,1,Price Sensitive
11510.0,4,1,12.45,5,1,1,511,7,1,Price Sensitive
11482.0,4,1,66.27,5,1,1,511,7,1,Price Sensitive
11265.0,4,1,36.28,5,1,1,511,7,1,Price Sensitive
11480.0,4,1,17.36,5,1,1,511,7,1,Price Sensitive
9409.0,88,3,154.03,2,3,2,232,7,2,Lost
7867.0,140,2,241.2707575757576,2,2,3,223,7,2,Lost
1627.0,220,5,82.23,1,4,2,142,7,3,Hibernating
164.0,37,2,155.66,3,2,2,322,7,2,About To Sleep
7749.0,37,2,105.08,3,2,2,322,7,2,About To Sleep
1258.0,35,2,146.26999999999998,3,2,2,322,7,2,About To Sleep
8899.0,34,2,105.80013071895424,3,2,2,322,7,2,About To Sleep
1706.0,140,4,131.65,2,3,2,232,7,2,Lost
628.0,135,2,218.3,2,2,3,223,7,2,Lost
700.0,91,4,178.22,2,3,2,232,7,2,Lost
824.0,90,3,135.83,2,3,2,232,7,2,Lost
1603.0,90,4,96.33,2,3,2,232,7,2,Lost
11657.0,2,1,67.2,5,1,1,511,7,1,Price Sensitive
11675.0,2,1,65.15,5,1,1,511,7,1,Price Sensitive
9419.0,34,2,141.61,3,2,2,322,7,2,About To Sleep
11257.0,5,1,70.86,5,1,1,511,7,1,Price Sensitive
9769.0,5,1,15.48,5,1,1,511,7,1,Price Sensitive
11503.0,4,1,22.62,5,1,1,511,7,1,Price Sensitive
11541.0,4,1,24.41,5,1,1,511,7,1,Price Sensitive
1173.0,33,4,45.93,3,3,1,331,7,2,About To Sleep
11456.0,5,1,16.74,5,1,1,511,7,1,Price Sensitive
11464.0,5,1,48.42,5,1,1,511,7,1,Price Sensitive
1145.0,32,2,103.28,3,2,2,322,7,2,About To Sleep
146.0,248,3,491.9135024624805,1,3,3,133,7,3,Hibernating
139.0,243,5,169.63,1,4,2,142,7,3,Hibernating
872.0,32,2,124.35,3,2,2,322,7,2,About To Sleep
11369.0,6,1,41.4,5,1,1,511,7,1,Price Sensitive
11359.0,6,1,72.48,5,1,1,511,7,1,Price Sensitive
155.0,255,5,112.06,1,4,2,142,7,3,Hibernating
6398.0,254,3,211.61,1,3,3,133,7,3,Hibernating
3291.0,6,1,3.56,5,1,1,511,7,1,Price Sensitive
10413.0,28,2,194.76,3,2,2,322,7,2,About To Sleep
10489.0,25,1,233.72,3,1,3,313,7,2,About To Sleep
711.0,90,3,183.46,2,3,2,232,7,2,Lost
9482.0,25,3,70.74,3,3,1,331,7,2,About To Sleep
10491.0,9,1,86.95,4,1,2,412,7,2,Recent Users
65.0,9,1,82.35,4,1,2,412,7,2,Recent Users
11207.0,9,1,139.2,4,1,2,412,7,2,Recent Users
9091.0,24,2,132.71,3,2,2,322,7,2,About To Sleep
1800.0,318,4,236.25,1,3,3,133,7,3,Hibernating
712.0,102,4,103.26,2,3,2,232,7,2,Lost
9503.0,102,2,289.2636156751652,2,2,3,223,7,2,Lost
9515.0,100,2,219.09,2,2,3,223,7,2,Lost
4583.0,123,3,93.63,2,3,2,232,7,2,Lost
7323.0,122,3,119.95,2,3,2,232,7,2,Lost
6945.0,119,2,260.48,2,2,3,223,7,2,Lost
8049.0,105,2,285.59,2,2,3,223,7,2,Lost
6256.0,20,2,91.45,3,2,2,322,7,2,About To Sleep
11023.0,11,1,78.0,4,1,2,412,7,2,Recent Users
10487.0,19,2,156.31,3,2,2,322,7,2,About To Sleep
10553.0,19,2,93.11,3,2,2,322,7,2,About To Sleep
1567.0,325,10,33.11,1,5,1,151,7,3,Hibernating
1620.0,340,6,102.67,1,4,2,142,7,3,Hibernating
1432.0,18,2,100.61,3,2,2,322,7,2,About To Sleep
11017.0,11,1,96.46,4,1,2,412,7,2,Recent Users
11085.0,11,1,115.5,4,1,2,412,7,2,Recent Users
410.0,17,2,135.31,3,2,2,322,7,2,About To Sleep
10555.0,17,4,69.24,3,3,1,331,7,2,About To Sleep
10523.0,11,1,132.65,4,1,2,412,7,2,Recent Users
1243.0,11,1,175.0,4,1,2,412,7,2,Recent Users
1205.0,346,5,138.59,1,4,2,142,7,3,Hibernating
10821.0,16,1,169.44,4,1,2,412,7,2,Recent Users
10829.0,16,1,101.26,4,1,2,412,7,2,Recent Users
1525.0,354,3,341.81,1,3,3,133,7,3,Hibernating
11001.0,12,1,144.36,4,1,2,412,7,2,Recent Users
1818.0,115,3,101.0,2,3,2,232,7,2,Lost
2501.0,419,4,259.6379520676692,1,3,3,133,7,3,Hibernating
11722.0,0,1,23.2,5,1,1,511,7,1,Price Sensitive
11725.0,0,1,18.84,5,1,1,511,7,1,Price Sensitive
5891.0,454,3,150.6369525069287,1,3,2,132,6,2,Lost
1437.0,410,1,857.05,1,1,4,114,6,2,Lost
290.0,437,3,118.45,1,3,2,132,6,2,Lost
759.0,389,2,340.9,1,2,3,123,6,2,Lost
1434.0,111,4,61.01,2,3,1,231,6,2,Lost
8766.0,14,1,68.16,4,1,1,411,6,1,Promising
1729.0,370,1,576.07,1,1,4,114,6,2,Lost
135.0,381,2,408.99,1,2,3,123,6,2,Lost
977.0,388,4,132.62703259689636,1,3,2,132,6,2,Lost
575.0,389,3,110.9,1,3,2,132,6,2,Lost
598.0,121,2,78.44,2,2,2,222,6,2,Lost
564.0,122,2,93.28,2,2,2,222,6,2,Lost
562.0,355,3,137.63,1,3,2,132,6,2,Lost
185.0,16,1,40.47,4,1,1,411,6,1,Promising
956.0,361,4,131.55,1,3,2,132,6,2,Lost
3741.0,116,1,247.81,2,1,3,213,6,2,Lost
10919.0,13,1,10.39,4,1,1,411,6,1,Promising
6999.0,14,1,26.630000000000003,4,1,1,411,6,1,Promising
10949.0,12,1,32.59,4,1,1,411,6,1,Promising
10993.0,12,1,47.6,4,1,1,411,6,1,Promising
45.0,359,4,171.79,1,3,2,132,6,2,Lost
1708.0,110,2,133.1,2,2,2,222,6,2,Lost
354.0,110,2,97.47,2,2,2,222,6,2,Lost
9359.0,108,2,143.6,2,2,2,222,6,2,Lost
989.0,314,3,86.0,1,3,2,132,6,2,Lost
10642.0,20,1,135.43,3,1,2,312,6,2,About To Sleep
6282.0,124,3,59.15,2,3,1,231,6,2,Lost
324.0,123,2,95.02,2,2,2,222,6,2,Lost
655.0,314,4,148.7049694421678,1,3,2,132,6,2,Lost
1565.0,314,5,68.78999999999999,1,4,1,141,6,2,Lost
1204.0,315,4,119.36,1,3,2,132,6,2,Lost
63.0,332,4,102.41,1,3,2,132,6,2,Lost
6846.0,19,1,182.88,3,1,2,312,6,2,About To Sleep
11057.0,11,1,29.96,4,1,1,411,6,1,Promising
7023.0,11,1,27.24,4,1,1,411,6,1,Promising
10765.0,17,1,155.38,3,1,2,312,6,2,About To Sleep
9540.0,17,1,115.0,3,1,2,312,6,2,About To Sleep
8289.0,11,1,26.950000000000003,4,1,1,411,6,1,Promising
6415.0,17,1,101.13,3,1,2,312,6,2,About To Sleep
8489.0,11,1,13.94,4,1,1,411,6,1,Promising
767.0,117,2,102.06,2,2,2,222,6,2,Lost
1518.0,105,2,123.58,2,2,2,222,6,2,Lost
6286.0,304,2,207.66,1,2,3,123,6,2,Lost
9834.0,93,2,162.56795293602104,2,2,2,222,6,2,Lost
9369.0,93,2,183.13,2,2,2,222,6,2,Lost
1583.0,308,3,107.39,1,3,2,132,6,2,Lost
1072.0,82,2,128.06,2,2,2,222,6,2,Lost
982.0,136,3,64.45,2,3,1,231,6,2,Lost
4580.0,94,3,32.26,2,3,1,231,6,2,Lost
1187.0,96,4,37.52,2,3,1,231,6,2,Lost
6445.0,126,2,161.21,2,2,2,222,6,2,Lost
1664.0,128,2,124.07,2,2,2,222,6,2,Lost
9659.0,97,2,182.12,2,2,2,222,6,2,Lost
1645.0,97,1,213.99,2,1,3,213,6,2,Lost
9018.0,130,1,211.94,2,1,3,213,6,2,Lost
913.0,131,2,132.97,2,2,2,222,6,2,Lost
243.0,131,2,139.07,2,2,2,222,6,2,Lost
7854.0,132,2,142.35,2,2,2,222,6,2,Lost
804.0,93,2,103.24,2,2,2,222,6,2,Lost
9293.0,60,2,88.41,2,2,2,222,6,2,Lost
10847.0,13,1,39.48,4,1,1,411,6,1,Promising
723.0,13,1,58.22,4,1,1,411,6,1,Promising
10945.0,13,1,44.41,4,1,1,411,6,1,Promising
6873.0,196,1,641.6228609986505,1,1,4,114,6,2,Lost
38.0,415,3,77.69,1,3,2,132,6,2,Lost
10709.0,13,1,62.28,4,1,1,411,6,1,Promising
646.0,37,2,65.36,3,2,1,321,6,2,About To Sleep
6247.0,216,4,200.34,1,3,2,132,6,2,Lost
465.0,214,4,89.12,1,3,2,132,6,2,Lost
6218.0,215,3,104.89,1,3,2,132,6,2,Lost
6986.0,34,1,95.33,3,1,2,312,6,2,About To Sleep
4560.0,38,1,123.09,3,1,2,312,6,2,About To Sleep
6715.0,193,3,175.43,1,3,2,132,6,2,Lost
6812.0,193,3,114.5345496900935,1,3,2,132,6,2,Lost
9026.0,46,1,100.48,3,1,2,312,6,2,About To Sleep
1426.0,69,2,84.71000000000001,2,2,2,222,6,2,Lost
8545.0,79,2,138.88,2,2,2,222,6,2,Lost
9407.0,76,2,96.0,2,2,2,222,6,2,Lost
988.0,179,3,148.3,1,3,2,132,6,2,Lost
1812.0,266,2,372.11,1,2,3,123,6,2,Lost
1737.0,266,4,199.22,1,3,2,132,6,2,Lost
654.0,266,5,54.46,1,4,1,141,6,2,Lost
1587.0,31,1,104.86,3,1,2,312,6,2,About To Sleep
599.0,181,2,302.959811137258,1,2,3,123,6,2,Lost
1055.0,29,2,42.91,3,2,1,321,6,2,About To Sleep
11277.0,7,1,63.510000000000005,4,1,1,411,6,1,Promising
7472.0,73,2,135.03,2,2,2,222,6,2,Lost
7065.0,167,2,196.02,2,2,2,222,6,2,Lost
7042.0,179,3,180.56,1,3,2,132,6,2,Lost
1367.0,179,3,101.08,1,3,2,132,6,2,Lost
6480.0,251,2,363.0,1,2,3,123,6,2,Lost
848.0,251,3,172.6,1,3,2,132,6,2,Lost
7862.0,160,1,413.400717948718,2,1,3,213,6,2,Lost
1265.0,263,4,135.54,1,3,2,132,6,2,Lost
1512.0,271,3,140.99,1,3,2,132,6,2,Lost
1337.0,272,3,120.86,1,3,2,132,6,2,Lost
6046.0,147,3,71.43,2,3,1,231,6,2,Lost
6982.0,150,2,100.34,2,2,2,222,6,2,Lost
11283.0,7,1,72.03999999999999,4,1,1,411,6,1,Promising
11245.0,8,1,45.16,4,1,1,411,6,1,Promising
1688.0,27,2,47.97,3,2,1,321,6,2,About To Sleep
1902.0,282,3,93.43,1,3,2,132,6,2,Lost
1493.0,287,3,157.59,1,3,2,132,6,2,Lost
1650.0,285,2,397.86,1,2,3,123,6,2,Lost
11227.0,9,1,34.83,4,1,1,411,6,1,Promising
9953.0,24,2,75.15,3,2,1,321,6,2,About To Sleep
510.0,244,5,73.17,1,4,1,141,6,2,Lost
1521.0,33,2,50.67,3,2,1,321,6,2,About To Sleep
1671.0,33,2,49.14,3,2,1,321,6,2,About To Sleep
9458.0,33,1,87.24000000000001,3,1,2,312,6,2,About To Sleep
747.0,238,3,96.66,1,3,2,132,6,2,Lost
10193.0,51,2,69.45,3,2,1,321,6,2,About To Sleep
10143.0,54,1,346.52,2,1,3,213,6,2,Lost
6722.0,220,2,207.06,1,2,3,123,6,2,Lost
1633.0,188,4,79.48,1,3,2,132,6,2,Lost
9984.0,63,2,92.63,2,2,2,222,6,2,Lost
7093.0,61,2,125.47,2,2,2,222,6,2,Lost
1319.0,63,2,82.78,2,2,2,222,6,2,Lost
1795.0,61,3,73.39,2,3,1,231,6,2,Lost
9383.0,67,2,144.3,2,2,2,222,6,2,Lost
4599.0,70,3,56.67,2,3,1,231,6,2,Lost
8688.0,59,2,107.85,2,2,2,222,6,2,Lost
8700.0,136,1,100.63,2,1,2,212,5,2,Lost
8706.0,87,2,68.61,2,2,1,221,5,2,Lost
1296.0,21,1,67.09,3,1,1,311,5,1,About To Sleep
1582.0,307,2,77.1,1,2,2,122,5,2,Lost
5969.0,310,2,85.65,1,2,2,122,5,2,Lost
8836.0,23,1,30.62,3,1,1,311,5,1,About To Sleep
10569.0,23,1,75.08,3,1,1,311,5,1,About To Sleep
10575.0,23,1,20.78,3,1,1,311,5,1,About To Sleep
9663.0,93,1,107.05,2,1,2,212,5,2,Lost
6474.0,130,2,69.13,2,2,1,221,5,2,Lost
1377.0,131,2,68.69,2,2,1,221,5,2,Lost
8921.0,132,1,122.83955298013244,2,1,2,212,5,2,Lost
7210.0,130,2,29.09,2,2,1,221,5,2,Lost
738.0,129,2,66.09,2,2,1,221,5,2,Lost
1278.0,130,2,51.900000000000006,2,2,1,221,5,2,Lost
9072.0,118,1,79.91,2,1,2,212,5,2,Lost
2160.0,446,2,204.89,1,2,2,122,5,2,Lost
8794.0,115,1,76.26,2,1,2,212,5,2,Lost
1450.0,406,2,88.21000000000001,1,2,2,122,5,2,Lost
128.0,363,3,52.49,1,3,1,131,5,2,Lost
1726.0,363,2,90.35,1,2,2,122,5,2,Lost
1070.0,385,2,189.8,1,2,2,122,5,2,Lost
149.0,371,3,64.58374258325107,1,3,1,131,5,2,Lost
1635.0,370,3,60.16,1,3,1,131,5,2,Lost
637.0,110,1,83.28,2,1,2,212,5,2,Lost
6641.0,116,2,16.43,2,2,1,221,5,2,Lost
9431.0,116,1,106.45361567516524,2,1,2,212,5,2,Lost
8414.0,109,1,93.38,2,1,2,212,5,2,Lost
9526.0,106,2,28.42,2,2,1,221,5,2,Lost
3627.0,405,1,377.4,1,1,3,113,5,2,Lost
2985.0,419,2,151.87361842105264,1,2,2,122,5,2,Lost
9860.0,21,1,45.870000000000005,3,1,1,311,5,1,About To Sleep
1539.0,122,2,28.99,2,2,1,221,5,2,Lost
1876.0,123,2,32.22,2,2,1,221,5,2,Lost
1572.0,328,4,33.85,1,3,1,131,5,2,Lost
2227.0,347,3,55.07479822328939,1,3,1,131,5,2,Lost
903.0,349,3,48.21,1,3,1,131,5,2,Lost
1901.0,352,2,133.41,1,2,2,122,5,2,Lost
1794.0,348,3,48.67,1,3,1,131,5,2,Lost
9174.0,125,1,164.33,2,1,2,212,5,2,Lost
1904.0,327,3,60.27,1,3,1,131,5,2,Lost
1762.0,317,2,98.1,1,2,2,122,5,2,Lost
4568.0,98,1,81.24000000000001,2,1,2,212,5,2,Lost
9070.0,103,1,89.17,2,1,2,212,5,2,Lost
1388.0,320,3,52.25,1,3,1,131,5,2,Lost
1847.0,122,2,56.24,2,2,1,221,5,2,Lost
9389.0,121,1,181.11,2,1,2,212,5,2,Lost
10521.0,25,1,16.35,3,1,1,311,5,1,About To Sleep
7122.0,181,2,161.03,1,2,2,122,5,2,Lost
10415.0,28,1,62.34,3,1,1,311,5,1,About To Sleep
8678.0,31,1,29.56,3,1,1,311,5,1,About To Sleep
10381.0,31,1,24.58,3,1,1,311,5,1,About To Sleep
6801.0,178,2,153.2,1,2,2,122,5,2,Lost
249.0,165,1,84.53999999999999,2,1,2,212,5,2,Lost
6497.0,264,1,250.8,1,1,3,113,5,2,Lost
1422.0,265,3,55.28,1,3,1,131,5,2,Lost
1244.0,76,2,69.02000000000001,2,2,1,221,5,2,Lost
6988.0,77,1,99.36,2,1,2,212,5,2,Lost
10000.0,72,1,75.84,2,1,2,212,5,2,Lost
1003.0,80,1,100.09,2,1,2,212,5,2,Lost
9111.0,72,1,126.58,2,1,2,212,5,2,Lost
6484.0,265,1,223.25,1,1,3,113,5,2,Lost
8615.0,133,1,142.8,2,1,2,212,5,2,Lost
10519.0,25,1,10.39,3,1,1,311,5,1,About To Sleep
4592.0,27,1,33.349999999999994,3,1,1,311,5,1,About To Sleep
10438.0,27,1,30.31,3,1,1,311,5,1,About To Sleep
10436.0,27,1,39.2,3,1,1,311,5,1,About To Sleep
10533.0,25,1,22.73,3,1,1,311,5,1,About To Sleep
1560.0,275,2,83.58,1,2,2,122,5,2,Lost
563.0,275,2,120.12,1,2,2,122,5,2,Lost
1822.0,27,1,29.7,3,1,1,311,5,1,About To Sleep
1117.0,26,1,52.97,3,1,1,311,5,1,About To Sleep
1624.0,81,1,90.86,2,1,2,212,5,2,Lost
7117.0,154,2,74.63,2,2,1,221,5,2,Lost
8369.0,150,1,161.76,2,1,2,212,5,2,Lost
9823.0,81,1,96.42,2,1,2,212,5,2,Lost
8355.0,147,1,126.17,2,1,2,212,5,2,Lost
8696.0,143,1,114.45,2,1,2,212,5,2,Lost
9156.0,87,1,96.81,2,1,2,212,5,2,Lost
1179.0,83,1,124.8,2,1,2,212,5,2,Lost
1533.0,136,2,6.3100000000000005,2,2,1,221,5,2,Lost
9937.0,60,2,72.97999999999999,2,2,1,221,5,2,Lost
10104.0,56,1,85.14999999999999,2,1,2,212,5,2,Lost
618.0,33,1,29.84,3,1,1,311,5,1,About To Sleep
6970.0,32,1,25.82,3,1,1,311,5,1,About To Sleep
1558.0,247,2,113.80753437497296,1,2,2,122,5,2,Lost
220.0,229,2,114.51,1,2,2,122,5,2,Lost
1019.0,185,2,108.32,1,2,2,122,5,2,Lost
374.0,65,1,90.0,2,1,2,212,5,2,Lost
740.0,66,2,66.3,2,2,1,221,5,2,Lost
6232.0,67,2,30.43,2,2,1,221,5,2,Lost
10015.0,68,1,142.46,2,1,2,212,5,2,Lost
512.0,69,1,135.5,2,1,2,212,5,2,Lost
1327.0,180,2,98.09,1,2,2,122,5,2,Lost
10063.0,63,1,78.45,2,1,2,212,5,2,Lost
1612.0,38,1,46.64,3,1,1,311,5,1,About To Sleep
6775.0,214,1,436.5,1,1,3,113,5,2,Lost
428.0,214,1,225.98,1,1,3,113,5,2,Lost
103.0,38,1,17.34,3,1,1,311,5,1,About To Sleep
10295.0,38,1,26.53,3,1,1,311,5,1,About To Sleep
10327.0,35,1,16.35,3,1,1,311,5,1,About To Sleep
6726.0,191,2,138.48000000000002,1,2,2,122,5,2,Lost
7387.0,34,1,75.22999999999999,3,1,1,311,5,1,About To Sleep
9603.0,39,1,31.1,3,1,1,311,5,1,About To Sleep
6844.0,200,1,329.13,1,1,3,113,5,2,Lost
886.0,202,3,45.44,1,3,1,131,5,2,Lost
6997.0,42,1,41.34,3,1,1,311,5,1,About To Sleep
10238.0,44,1,31.07,3,1,1,311,5,1,About To Sleep
10262.0,41,1,31.8,3,1,1,311,5,1,About To Sleep
9577.0,41,1,69.78999999999999,3,1,1,311,5,1,About To Sleep
14.0,419,3,14.61,1,3,1,131,5,2,Lost
9335.0,55,2,39.65,2,2,1,221,5,2,Lost
1115.0,420,1,76.03,1,1,2,112,4,2,Lost
3771.0,392,1,171.93,1,1,2,112,4,2,Lost
1598.0,390,2,19.87,1,2,1,121,4,2,Lost
1549.0,114,1,29.4,2,1,1,211,4,1,Lost
9507.0,114,1,43.05,2,1,1,211,4,1,Lost
1051.0,110,1,63.64,2,1,1,211,4,1,Lost
6724.0,209,1,184.0,1,1,2,112,4,2,Lost
6828.0,202,2,38.7963327991453,1,2,1,121,4,2,Lost
6153.0,198,1,137.15,1,1,2,112,4,2,Lost
2544.0,419,1,102.37361842105264,1,1,2,112,4,2,Lost
1120.0,419,1,127.88,1,1,2,112,4,2,Lost
707.0,384,2,23.91,1,2,1,121,4,2,Lost
803.0,378,2,52.2,1,2,1,121,4,2,Lost
1503.0,377,2,23.29,1,2,1,121,4,2,Lost
883.0,377,2,70.77000000000001,1,2,1,121,4,2,Lost
265.0,369,2,13.37,1,2,1,121,4,2,Lost
1758.0,366,2,24.01,1,2,1,121,4,2,Lost
1785.0,362,2,20.48,1,2,1,121,4,2,Lost
9445.0,117,1,60.24,2,1,1,211,4,1,Lost
6214.0,116,1,3.16,2,1,1,211,4,1,Lost
9559.0,110,1,25.62,2,1,1,211,4,1,Lost
6342.0,109,1,0.94,2,1,1,211,4,1,Lost
1136.0,108,1,20.27,2,1,1,211,4,1,Lost
8702.0,107,1,54.67,2,1,1,211,4,1,Lost
9661.0,107,1,20.42,2,1,1,211,4,1,Lost
1825.0,357,2,9.86,1,2,1,121,4,2,Lost
180.0,357,2,60.9,1,2,1,121,4,2,Lost
840.0,182,2,33.6,1,2,1,121,4,2,Lost
1520.0,234,2,35.7,1,2,1,121,4,2,Lost
99.0,234,1,174.97,1,1,2,112,4,2,Lost
157.0,224,1,85.36540703481735,1,1,2,112,4,2,Lost
10091.0,60,1,33.5,2,1,1,211,4,1,Lost
7015.0,56,1,46.37,2,1,1,211,4,1,Lost
730.0,194,2,34.980000000000004,1,2,1,121,4,2,Lost
6913.0,193,2,63.3,1,2,1,121,4,2,Lost
404.0,189,1,94.9314705882353,1,1,2,112,4,2,Lost
6749.0,219,1,129.7,1,1,2,112,4,2,Lost
894.0,219,1,144.44,1,1,2,112,4,2,Lost
6637.0,247,1,125.0,1,1,2,112,4,2,Lost
771.0,182,1,118.37,1,1,2,112,4,2,Lost
616.0,181,1,112.75652318726084,1,1,2,112,4,2,Lost
214.0,181,2,44.4,1,2,1,121,4,2,Lost
7130.0,181,1,196.34,1,1,2,112,4,2,Lost
6346.0,180,1,78.07000000000001,1,1,2,112,4,2,Lost
525.0,186,1,101.46,1,1,2,112,4,2,Lost
8919.0,63,1,12.11,2,1,1,211,4,1,Lost
10065.0,63,1,16.68,2,1,1,211,4,1,Lost
247.0,186,1,126.18,1,1,2,112,4,2,Lost
556.0,182,1,81.51,1,1,2,112,4,2,Lost
1885.0,354,1,76.96000000000001,1,1,2,112,4,2,Lost
451.0,354,2,46.23,1,2,1,121,4,2,Lost
9119.0,121,1,34.5,2,1,1,211,4,1,Lost
8878.0,105,1,53.05,2,1,1,211,4,1,Lost
297.0,105,1,24.48,2,1,1,211,4,1,Lost
9690.0,105,1,35.16,2,1,1,211,4,1,Lost
1086.0,105,1,66.35,2,1,1,211,4,1,Lost
9720.0,104,1,30.84,2,1,1,211,4,1,Lost
9726.0,103,1,14.89,2,1,1,211,4,1,Lost
1621.0,118,1,47.6,2,1,1,211,4,1,Lost
67.0,117,1,54.24,2,1,1,211,4,1,Lost
1585.0,353,2,69.90496944216778,1,2,1,121,4,2,Lost
7192.0,180,1,77.16,1,1,2,112,4,2,Lost
7215.0,180,1,135.44,1,1,2,112,4,2,Lost
7163.0,180,1,76.4914705882353,1,1,2,112,4,2,Lost
7299.0,179,1,147.9,1,1,2,112,4,2,Lost
7196.0,172,1,114.5,1,1,2,112,4,2,Lost
7743.0,163,1,71.46000000000001,2,1,1,211,4,1,Lost
7783.0,161,1,24.43,2,1,1,211,4,1,Lost
396.0,73,1,62.0,2,1,1,211,4,1,Lost
4606.0,257,1,112.91,1,1,2,112,4,2,Lost
6570.0,255,2,19.5,1,2,1,121,4,2,Lost
9528.0,87,1,31.08,2,1,1,211,4,1,Lost
9998.0,72,1,22.3,2,1,1,211,4,1,Lost
405.0,72,1,22.3,2,1,1,211,4,1,Lost
1600.0,77,1,67.74000000000001,2,1,1,211,4,1,Lost
9961.0,76,1,47.4,2,1,1,211,4,1,Lost
8437.0,76,1,1.11,2,1,1,211,4,1,Lost
6751.0,161,1,74.85075757575757,2,1,1,211,4,1,Lost
7788.0,161,1,22.05,2,1,1,211,4,1,Lost
1786.0,159,1,64.87,2,1,1,211,4,1,Lost
6487.0,265,1,174.0,1,1,2,112,4,2,Lost
202.0,265,1,101.12,1,1,2,112,4,2,Lost
6514.0,262,1,136.68,1,1,2,112,4,2,Lost
1499.0,262,2,45.87,1,2,1,121,4,2,Lost
6522.0,261,1,92.64,1,1,2,112,4,2,Lost
1576.0,291,2,6.1748893047238855,1,2,1,121,4,2,Lost
171.0,276,1,91.18,1,1,2,112,4,2,Lost
8116.0,155,1,36.35,2,1,1,211,4,1,Lost
7175.0,153,1,29.97,2,1,1,211,4,1,Lost
1734.0,82,1,63.95,2,1,1,211,4,1,Lost
9943.0,81,1,15.66,2,1,1,211,4,1,Lost
1614.0,81,1,28.44,2,1,1,211,4,1,Lost
1778.0,349,2,13.7,1,2,1,121,4,2,Lost
1932.0,348,2,11.1,1,2,1,121,4,2,Lost
1362.0,343,2,27.94,1,2,1,121,4,2,Lost
5912.0,342,2,20.03,1,2,1,121,4,2,Lost
6101.0,329,1,200.85,1,1,2,112,4,2,Lost
1827.0,125,1,51.86,2,1,1,211,4,1,Lost
9217.0,125,1,48.61,2,1,1,211,4,1,Lost
9184.0,125,1,38.4,2,1,1,211,4,1,Lost
9743.0,102,1,34.18,2,1,1,211,4,1,Lost
9741.0,102,1,25.52,2,1,1,211,4,1,Lost
1231.0,102,1,57.28,2,1,1,211,4,1,Lost
9749.0,102,1,34.86,2,1,1,211,4,1,Lost
9763.0,100,1,34.38,2,1,1,211,4,1,Lost
963.0,123,1,31.08,2,1,1,211,4,1,Lost
1224.0,321,2,63.24,1,2,1,121,4,2,Lost
6128.0,318,2,62.31,1,2,1,121,4,2,Lost
826.0,314,2,17.740000000000002,1,2,1,121,4,2,Lost
1429.0,310,2,12.89,1,2,1,121,4,2,Lost
801.0,308,2,27.08,1,2,1,121,4,2,Lost
9927.0,83,1,57.36,2,1,1,211,4,1,Lost
6531.0,89,1,74.65,2,1,1,211,4,1,Lost
9878.0,89,1,43.72,2,1,1,211,4,1,Lost
9884.0,89,1,48.0,2,1,1,211,4,1,Lost
9472.0,88,1,6.7,2,1,1,211,4,1,Lost
689.0,137,1,50.11,2,1,1,211,4,1,Lost
8483.0,136,1,21.0,2,1,1,211,4,1,Lost
1531.0,136,1,6.75,2,1,1,211,4,1,Lost
1530.0,136,1,17.200000000000003,2,1,1,211,4,1,Lost
1063.0,135,1,23.42,2,1,1,211,4,1,Lost
1219.0,312,2,15.4,1,2,1,121,4,2,Lost
9101.0,128,1,62.94,2,1,1,211,4,1,Lost
1481.0,128,1,12.8,2,1,1,211,4,1,Lost
9131.0,126,1,21.57,2,1,1,211,4,1,Lost
6683.0,125,1,40.8,2,1,1,211,4,1,Lost
1304.0,91,1,53.52,2,1,1,211,4,1,Lost
1732.0,90,1,20.72,2,1,1,211,4,1,Lost
1428.0,97,1,67.86,2,1,1,211,4,1,Lost
9813.0,96,1,20.7,2,1,1,211,4,1,Lost
9563.0,96,1,33.78,2,1,1,211,4,1,Lost
912.0,93,1,26.7,2,1,1,211,4,1,Lost
6611.0,133,1,59.48,2,1,1,211,4,1,Lost
8723.0,132,1,27.0,2,1,1,211,4,1,Lost
6194.0,310,1,106.02,1,1,2,112,4,2,Lost
719.0,430,1,96.82,1,1,2,112,4,2,Lost
2998.0,419,1,81.65,1,1,2,112,4,2,Lost
2991.0,419,1,109.7301597051597,1,1,2,112,4,2,Lost
2986.0,419,1,137.1,1,1,2,112,4,2,Lost
211.0,426,2,63.76,1,2,1,121,4,2,Lost
887.0,405,1,152.78,1,1,2,112,4,2,Lost
517.0,397,2,24.36,1,2,1,121,4,2,Lost
716.0,431,1,40.07,1,1,1,111,3,1,Lost
666.0,431,1,4.0,1,1,1,111,3,1,Lost
596.0,432,1,8.05,1,1,1,111,3,1,Lost
544.0,432,1,8.05,1,1,1,111,3,1,Lost
2542.0,433,1,21.0,1,1,1,111,3,1,Lost
926.0,433,1,63.35,1,1,1,111,3,1,Lost
2543.0,433,1,12.0,1,1,1,111,3,1,Lost
461.0,434,1,5.19,1,1,1,111,3,1,Lost
447.0,434,1,2.6,1,1,1,111,3,1,Lost
474.0,434,1,3.2,1,1,1,111,3,1,Lost
1085.0,423,1,6.68,1,1,1,111,3,1,Lost
1014.0,424,1,4.8,1,1,1,111,3,1,Lost
419.0,424,1,4.75,1,1,1,111,3,1,Lost
1048.0,424,1,40.36,1,1,1,111,3,1,Lost
1038.0,424,1,25.8,1,1,1,111,3,1,Lost
1246.0,412,1,14.91,1,1,1,111,3,1,Lost
1254.0,396,1,32.16,1,1,1,111,3,1,Lost
3687.0,397,1,27.97,1,1,1,111,3,1,Lost
1498.0,398,1,2.6,1,1,1,111,3,1,Lost
724.0,410,1,13.42,1,1,1,111,3,1,Lost
1294.0,410,1,22.79,1,1,1,111,3,1,Lost
2988.0,419,1,7.0,1,1,1,111,3,1,Lost
2990.0,419,1,47.89,1,1,1,111,3,1,Lost
1183.0,419,1,0.85,1,1,1,111,3,1,Lost
1154.0,419,1,7.08,1,1,1,111,3,1,Lost
6203.0,310,1,68.64,1,1,1,111,3,1,Lost
6200.0,310,1,26.82,1,1,1,111,3,1,Lost
1300.0,301,1,22.92,1,1,1,111,3,1,Lost
1960.0,306,1,9.03,1,1,1,111,3,1,Lost
6276.0,307,1,45.63,1,1,1,111,3,1,Lost
6257.0,310,1,38.96,1,1,1,111,3,1,Lost
6233.0,317,1,54.73,1,1,1,111,3,1,Lost
6238.0,319,1,41.15,1,1,1,111,3,1,Lost
1253.0,321,1,10.02,1,1,1,111,3,1,Lost
1185.0,325,1,2.38,1,1,1,111,3,1,Lost
745.0,329,1,73.07,1,1,1,111,3,1,Lost
6013.0,333,1,6.2,1,1,1,111,3,1,Lost
6006.0,335,1,12.8437479285292,1,1,1,111,3,1,Lost
1858.0,339,1,33.3,1,1,1,111,3,1,Lost
1528.0,342,1,14.04,1,1,1,111,3,1,Lost
292.0,343,1,30.48,1,1,1,111,3,1,Lost
874.0,343,1,9.29,1,1,1,111,3,1,Lost
1325.0,346,1,8.72,1,1,1,111,3,1,Lost
570.0,346,1,19.54,1,1,1,111,3,1,Lost
1813.0,348,1,6.27,1,1,1,111,3,1,Lost
1897.0,353,1,55.24,1,1,1,111,3,1,Lost
823.0,272,1,20.16,1,1,1,111,3,1,Lost
1202.0,276,1,10.07,1,1,1,111,3,1,Lost
1661.0,282,1,58.61,1,1,1,111,3,1,Lost
6251.0,292,1,31.9,1,1,1,111,3,1,Lost
1906.0,294,1,67.75,1,1,1,111,3,1,Lost
6193.0,298,1,39.6,1,1,1,111,3,1,Lost
6306.0,299,1,65.85,1,1,1,111,3,1,Lost
32.0,299,1,1.6,1,1,1,111,3,1,Lost
6179.0,300,1,75.43,1,1,1,111,3,1,Lost
6505.0,264,1,20.29,1,1,1,111,3,1,Lost
6469.0,269,1,20.61,1,1,1,111,3,1,Lost
902.0,255,1,67.67,1,1,1,111,3,1,Lost
6524.0,258,1,51.88,1,1,1,111,3,1,Lost
1069.0,258,1,72.81,1,1,1,111,3,1,Lost
94.0,171,1,11.88,1,1,1,111,3,1,Lost
6151.0,259,1,19.86,1,1,1,111,3,1,Lost
6520.0,261,1,37.2,1,1,1,111,3,1,Lost
974.0,354,1,12.21,1,1,1,111,3,1,Lost
1672.0,355,1,16.8,1,1,1,111,3,1,Lost
1821.0,356,1,1.28,1,1,1,111,3,1,Lost
1870.0,356,1,36.65,1,1,1,111,3,1,Lost
890.0,185,1,41.29,1,1,1,111,3,1,Lost
7054.0,188,1,67.87,1,1,1,111,3,1,Lost
6903.0,188,1,74.27,1,1,1,111,3,1,Lost
1095.0,249,1,21.32,1,1,1,111,3,1,Lost
6585.0,250,1,27.91,1,1,1,111,3,1,Lost
1724.0,192,1,52.59,1,1,1,111,3,1,Lost
6888.0,196,1,26.82,1,1,1,111,3,1,Lost
6697.0,231,1,34.39,1,1,1,111,3,1,Lost
62.0,233,1,33.36,1,1,1,111,3,1,Lost
1879.0,235,1,51.42,1,1,1,111,3,1,Lost
1307.0,358,1,61.76,1,1,1,111,3,1,Lost
1817.0,360,1,35.84,1,1,1,111,3,1,Lost
1780.0,362,1,29.22,1,1,1,111,3,1,Lost
1791.0,362,1,1.19,1,1,1,111,3,1,Lost
1471.0,364,1,34.05,1,1,1,111,3,1,Lost
998.0,364,1,10.55,1,1,1,111,3,1,Lost
1524.0,370,1,51.0,1,1,1,111,3,1,Lost
1074.0,372,1,44.82,1,1,1,111,3,1,Lost
962.0,373,1,10.07,1,1,1,111,3,1,Lost
602.0,374,1,50.84,1,1,1,111,3,1,Lost
425.0,375,1,17.52,1,1,1,111,3,1,Lost
1703.0,375,1,45.150000000000006,1,1,1,111,3,1,Lost
111.0,378,1,4.68,1,1,1,111,3,1,Lost
1662.0,382,1,16.24,1,1,1,111,3,1,Lost
593.0,388,1,9.96,1,1,1,111,3,1,Lost
3092.0,424,1,29.23348236331569,1,1,1,111,3,1,Lost
1066.0,412,1,54.76,1,1,1,111,3,1,Lost
1339.0,412,1,21.36,1,1,1,111,3,1,Lost
488.0,434,1,2.6,1,1,1,111,3,1,Lost
407.0,436,1,8.05,1,1,1,111,3,1,Lost
376.0,437,1,7.790000000000001,1,1,1,111,3,1,Lost
1216.0,418,1,2.46,1,1,1,111,3,1,Lost
1119.0,418,1,10.55,1,1,1,111,3,1,Lost
6854.0,200,1,65.39,1,1,1,111,3,1,Lost
953.0,207,1,18.16,1,1,1,111,3,1,Lost
6633.0,207,1,49.86753437497294,1,1,1,111,3,1,Lost
1711.0,217,1,8.76,1,1,1,111,3,1,Lost
1033.0,424,1,2.6,1,1,1,111,3,1,Lost
294.0,438,1,2.26,1,1,1,111,3,1,Lost
276.0,438,1,23.69,1,1,1,111,3,1,Lost
258.0,438,1,23.0,1,1,1,111,3,1,Lost
339.0,438,1,32.5,1,1,1,111,3,1,Lost
150.0,443,1,30.07,1,1,1,111,3,1,Lost
140.0,445,1,2.6,1,1,1,111,3,1,Lost
68.0,450,1,3.9,1,1,1,111,3,1,Lost
1619.0,389,1,47.6,1,1,1,111,3,1,Lost
1604.0,390,1,14.89,1,1,1,111,3,1,Lost
1579.0,390,1,40.2,1,1,1,111,3,1,Lost
2010.0,426,1,2.44,1,1,1,111,3,1,Lost
1971.0,455,1,38.760714285714286,1,1,1,111,3,1,Lost
